YEAR,REGION,ISLAND,MISSION,SITE,DATE,LATITUDE,LONGITUDE,SURVEY_SIZE,NUMBER OF IMAGES,FIRST_IMAGE,LAST_IMAGE,0M_MARKER_NUMBERS,0M_DEPTH_FT,5M_MARKER_NUMBERS,5M_DEPTH_FT,10M_MARKER_NUMBERS,10M_DEPTH_FT,15M_MARKER_NUMBERS,15M_DEPTH_FT,20M_MARKER_NUMBERS,20M_DEPTH_FT,MARKER_LENGTH_M,CAMERA_MODEL,LENS_FOCAL_LENGTH,EXPOSURE_CORRECTION,COLOR_CORRECTED
2019,MHI,HAW,SE1902,HAW-3341,5/4/2019,20.075375,-155.399111,3x20m,1680,NCRMP_SFM_StRS_2019_SE1902_MHI_HAW_HAW-3341_IMG_0001.JPG,NCRMP_SFM_StRS_2019_SE1902_MHI_HAW_HAW-3341_IMG_1680.JPG,"8,9",75,,,,,,,"21,22",76,0.5,Canon SL2,18mm,N,N
2019,MHI,HAW,SE1902,HAW-3350,7/15/2019,20.22848,-155.7382,3x15m,805,NCRMP_SFM_StRS_2019_SE1902_MHI_HAW_HAW-3350_IMG_0001.JPG,NCRMP_SFM_StRS_2019_SE1902_MHI_HAW_HAW-3350_IMG_0805.JPG,"10,11",63,,,,,"21,22",64,,,0.25,Canon SL2,18mm,N,N
2019,MHI,HAW,SE1902,HAW-3356,5/4/2019,19.982259,-155.222333,3x20m,1470,NCRMP_SFM_StRS_2019_SE1902_MHI_HAW_HAW-3356_IMG_0001.JPG,NCRMP_SFM_StRS_2019_SE1902_MHI_HAW_HAW-3356_IMG_1470.JPG,"8,9",75,,,,,,,"21,22",76,0.5,Canon SL2,18mm,N,N
2019,MHI,HAW,SE1902,HAW-3357,7/15/2019,20.185372,-155.693117,3x20m,1592,NCRMP_SFM_StRS_2019_SE1902_MHI_HAW_HAW-3357_IMG_0001.JPG,NCRMP_SFM_StRS_2019_SE1902_MHI_HAW_HAW-3357_IMG_1592.JPG,"10,11",40,,,,,,,"21,22",42,0.25,Canon SL2,18mm,Y,N
2019,MHI,HAW,SE1902,HAW-3359,7/15/2019,20.165665,-155.648421,3x20m,1196,NCRMP_SFM_StRS_2019_SE1902_MHI_HAW_HAW-3359_IMG_0001.JPG,NCRMP_SFM_StRS_2019_SE1902_MHI_HAW_HAW-3359_IMG_1196.JPG,"10,11",41,,,,,,,"21,22",44,0.25,Canon SL2,18mm,N,N
2019,MHI,HAW,SE1902,HAW-3362,5/4/2019,20.014558,-155.269487,3x20m,1548,NCRMP_SFM_StRS_2019_SE1902_MHI_HAW_HAW-3362_IMG_0001.JPG,NCRMP_SFM_StRS_2019_SE1902_MHI_HAW_HAW-3362_IMG_1548.JPG,"8,9",55,,,,,,,"21,22",54,0.5,Canon SL2,18mm,N,N
2019,MHI,HAW,SE1902,HAW-3366,7/15/2019,20.25254,-155.8007,3x20m,1407,NCRMP_SFM_StRS_2019_SE1902_MHI_HAW_HAW-3366_IMG_0001.JPG,NCRMP_SFM_StRS_2019_SE1902_MHI_HAW_HAW-3366_IMG_1407.JPG,"10,11",11,,,,,,,"21,22",10,0.25,Canon SL2,18mm,N,N
2019,MHI,HAW,SE1902,HAW-3367,5/4/2019,20.034048,-155.318917,3x20m,1673,NCRMP_SFM_StRS_2019_SE1902_MHI_HAW_HAW-3367_IMG_0001.JPG,NCRMP_SFM_StRS_2019_SE1902_MHI_HAW_HAW-3367_IMG_1673.JPG,"8,9",49,,,,,,,"21,22",51,0.5,Canon SL2,18mm,N,N
2019,MHI,HAW,SE1902,HAW-3368,5/4/2019,20.059754,-155.372349,3x13m,1021,NCRMP_SFM_StRS_2019_SE1902_MHI_HAW_HAW-3368_IMG_0001.JPG,NCRMP_SFM_StRS_2019_SE1902_MHI_HAW_HAW-3368_IMG_1021.JPG,"8,9",41,,,"21,22",44,,,,,0.5,Canon SL2,18mm,N,N
2019,MHI,HAW,SE1902,HAW-3399,7/12/2019,19.97742,-155.8448,3x20m,1294,NCRMP_SFM_StRS_2019_SE1902_MHI_HAW_HAW-3399_IMG_0001.JPG,NCRMP_SFM_StRS_2019_SE1902_MHI_HAW_HAW-3399_IMG_1294.JPG,"10,11",83,,,,,,,"21,22",82,0.25,Canon SL2,18mm,Y,N
2019,MHI,HAW,SE1902,HAW-3401,7/19/2019,19.36521,-155.8949,3x20m,1183,NCRMP_SFM_StRS_2019_SE1902_MHI_HAW_HAW-3401_IMG_0001.JPG,NCRMP_SFM_StRS_2019_SE1902_MHI_HAW_HAW-3401_IMG_1183.JPG,"10,11",69,,,,,,,"21,22",63,0.25,Canon SL2,18mm,N,N
2019,MHI,HAW,SE1902,HAW-3413,7/17/2019,19.60825,-155.9851,3x20m,1004,NCRMP_SFM_StRS_2019_SE1902_MHI_HAW_HAW-3413_IMG_0001.JPG,NCRMP_SFM_StRS_2019_SE1902_MHI_HAW_HAW-3413_IMG_1004.JPG,"10,11",69,"21,22",70,,,,,,,0.25,Canon SL2,18mm,N,N
2019,MHI,HAW,SE1902,HAW-3433,5/4/2019,20.0908,-155.426,3x20m,1727,NCRMP_SFM_StRS_2019_SE1902_MHI_HAW_HAW-3433_IMG_0001.JPG,NCRMP_SFM_StRS_2019_SE1902_MHI_HAW_HAW-3433_IMG_1727.JPG,"40,41",31,"33,34",35,"63,64",29,"27,28",29,,,0.5,Canon SL2,18mm,Y,N
2019,MHI,HAW,SE1902,HAW-3434,5/4/2019,20.07099,-155.389,3x13m,1183,NCRMP_SFM_StRS_2019_SE1902_MHI_HAW_HAW-3434_IMG_0001.JPG,NCRMP_SFM_StRS_2019_SE1902_MHI_HAW_HAW-3434_IMG_1183.JPG,"40,41",69,"33,34",72,"27,28",68,,,,,0.5,Canon SL2,18mm,N,Y
2019,MHI,HAW,SE1902,HAW-3436,5/4/2019,20.03324,-155.307,3x13m,1250,NCRMP_SFM_StRS_2019_SE1902_MHI_HAW_HAW-3436_IMG_0001.JPG,NCRMP_SFM_StRS_2019_SE1902_MHI_HAW_HAW-3436_IMG_1250.JPG,"3,4",70,"17,18",71,"57,58",72,,,,,0.5,Canon SL2,18mm,Y,N
2019,MHI,HAW,SE1902,HAW-3441,5/4/2019,20.06521,-155.382,3x20m,1819,NCRMP_SFM_StRS_2019_SE1902_MHI_HAW_HAW-3441_IMG_0001.JPG,NCRMP_SFM_StRS_2019_SE1902_MHI_HAW_HAW-3441_IMG_1819.JPG,"3,4",41,"57,58",44,"17,18",40,"10,11",44,,,0.5,Canon SL2,18mm,N,N
2019,MHI,HAW,SE1902,HAW-3445,5/4/2019,20.09066,-155.436,3x20m,1529,NCRMP_SFM_StRS_2019_SE1902_MHI_HAW_HAW-3445_IMG_0001.JPG,NCRMP_SFM_StRS_2019_SE1902_MHI_HAW_HAW-3445_IMG_1529.JPG,"27,28",14,"63,64",11,"40,41",14,"33,34",13,,,0.5,Canon SL2,18mm,N,N
2019,MHI,HAW,SE1902,HAW-3451,5/4/2019,20.07756,-155.404,3x20m,1412,NCRMP_SFM_StRS_2019_SE1902_MHI_HAW_HAW-3451_IMG_0001.JPG,NCRMP_SFM_StRS_2019_SE1902_MHI_HAW_HAW-3451_IMG_1412.JPG,"63,64",54,"27,28",53,"40,41",51,"33,34",50,,,0.5,Canon SL2,18mm,Y,N
2019,MHI,HAW,SE1902,HAW-3465,5/4/2019,20.05417,-155.363,3x20m,2175,NCRMP_SFM_StRS_2019_SE1902_MHI_HAW_HAW-3465_IMG_0001.JPG,NCRMP_SFM_StRS_2019_SE1902_MHI_HAW_HAW-3465_IMG_2175.JPG,"3,4",18,"10,11",18,"17,18",16,"57,58",15,,,0.5,Canon SL2,18mm,N,N
2019,MHI,HAW,SE1902,HAW-3717,7/19/2019,19.53849,-155.9591,3x20m,1404,NCRMP_SFM_StRS_2019_SE1902_MHI_HAW_HAW-3717_IMG_0001.JPG,NCRMP_SFM_StRS_2019_SE1902_MHI_HAW_HAW-3717_IMG_1404.JPG,"10,11",36,,,,,,,"21,22",38,0.25,Canon SL2,18mm,N,N
2019,MHI,HAW,SE1902,HAW-3718,7/19/2019,19.38736,-155.9049,3x20m,1351,NCRMP_SFM_StRS_2019_SE1902_MHI_HAW_HAW-3718_IMG_0001.JPG,NCRMP_SFM_StRS_2019_SE1902_MHI_HAW_HAW-3718_IMG_1351.JPG,"10,11",40,,,,,,,"21,22",44,0.25,Canon SL2,18mm,N,N
2019,MHI,HAW,SE1902,HAW-3725,7/17/2019,19.56587,-155.9694,3x20m,1249,NCRMP_SFM_StRS_2019_SE1902_MHI_HAW_HAW-3725_IMG_0001.JPG,NCRMP_SFM_StRS_2019_SE1902_MHI_HAW_HAW-3725_IMG_1249.JPG,"10,11",22,"21,22",26,,,,,,,0.25,Canon SL2,18mm,N,N
2019,MHI,HAW,SE1902,HAW-3727,7/19/2019,19.40191,-155.9409,3x20m,1467,NCRMP_SFM_StRS_2019_SE1902_MHI_HAW_HAW-3727_IMG_0001.JPG,NCRMP_SFM_StRS_2019_SE1902_MHI_HAW_HAW-3727_IMG_1467.JPG,"10,11",46,,,,,,,"21,22",44,0.25,Canon SL2,18mm,N,N
2019,MHI,HAW,SE1902,HAW-3732,7/12/2019,19.92419,-155.8934,3x20m,1721,NCRMP_SFM_StRS_2019_SE1902_MHI_HAW_HAW-3732_IMG_0001.JPG,NCRMP_SFM_StRS_2019_SE1902_MHI_HAW_HAW-3732_IMG_1721.JPG,"10,11",38,,,,,,,"21,22",35,0.25,Canon SL2,18mm,N,N
2019,MHI,HAW,SE1902,HAW-3735,7/17/2019,19.58591,-155.9731,3x20m,1519,NCRMP_SFM_StRS_2019_SE1902_MHI_HAW_HAW-3735_IMG_0001.JPG,NCRMP_SFM_StRS_2019_SE1902_MHI_HAW_HAW-3735_IMG_1519.JPG,"10,11",56,"21,22",50,,,,,,,0.25,Canon SL2,18mm,N,N
2019,MHI,HAW,SE1902,HAW-3745,7/17/2019,19.63297,-155.9964,3x20m,1570,NCRMP_SFM_StRS_2019_SE1902_MHI_HAW_HAW-3745_IMG_0001.JPG,NCRMP_SFM_StRS_2019_SE1902_MHI_HAW_HAW-3745_IMG_1570.JPG,"10,11",52,"21,22",51,,,,,,,0.25,Canon SL2,18mm,N,N
2019,MHI,HAW,SE1902,HAW-3751,7/17/2019,19.67757,-156.0359,3x20m,1042,NCRMP_SFM_StRS_2019_SE1902_MHI_HAW_HAW-3751_IMG_0001.JPG,NCRMP_SFM_StRS_2019_SE1902_MHI_HAW_HAW-3751_IMG_1042.JPG,"10,11",51,"21,22",48,,,,,,,0.25,Canon SL2,18mm,N,N
2019,MHI,HAW,SE1902,HAW-3753,7/12/2019,20.02573,-155.8318,3x20m,2419,NCRMP_SFM_StRS_2019_SE1902_MHI_HAW_HAW-3753_IMG_0001.JPG,NCRMP_SFM_StRS_2019_SE1902_MHI_HAW_HAW-3753_IMG_2419.JPG,"10,11",27,,,,,,,"21,22",23,0.25,Canon SL2,18mm,N,N
2019,MHI,HAW,SE1902,HAW-3757,7/12/2019,19.95025,-155.8701,3x20m,1618,NCRMP_SFM_StRS_2019_SE1902_MHI_HAW_HAW-3757_IMG_0001.JPG,NCRMP_SFM_StRS_2019_SE1902_MHI_HAW_HAW-3757_IMG_1618.JPG,"10,11",36,,,,,,,"21,22",34,0.25,Canon SL2,18mm,N,N
2019,MHI,HAW,SE1902,HAW-3759,7/19/2019,19.20974,-155.9002,3x20m,1417,NCRMP_SFM_StRS_2019_SE1902_MHI_HAW_HAW-3759_IMG_0001.JPG,NCRMP_SFM_StRS_2019_SE1902_MHI_HAW_HAW-3759_IMG_1417.JPG,"10,11",25,,,,,,,"21,22",23,0.25,Canon SL2,18mm,N,N
2019,MHI,HAW,SE1902,HAW-3774,7/12/2019,19.89396,-155.9072,3x20m,1384,NCRMP_SFM_StRS_2019_SE1902_MHI_HAW_HAW-3774_IMG_0001.JPG,NCRMP_SFM_StRS_2019_SE1902_MHI_HAW_HAW-3774_IMG_1384.JPG,"10,11",20,,,,,,,"21,22",22,0.25,Canon SL2,18mm,N,N
2019,MHI,HAW,SE1902,HAW-3796,7/13/2019,19.87078,-155.1007,3x20m,1556,NCRMP_SFM_StRS_2019_SE1902_MHI_HAW_HAW-3796_IMG_0002.JPG,NCRMP_SFM_StRS_2019_SE1902_MHI_HAW_HAW-3796_IMG_1557.JPG,"10,11",,,,,,,,"21,22",,0.25,Canon SL2,18mm,N,N
2019,MHI,HAW,SE1902,HAW-3798,7/13/2019,19.80359,-155.0842,3x20m,1403,NCRMP_SFM_StRS_2019_SE1902_MHI_HAW_HAW-3798_IMG_0001.JPG,NCRMP_SFM_StRS_2019_SE1902_MHI_HAW_HAW-3798_IMG_1403.JPG,"10,11",79,,,,,,,"21,22",74,0.25,Canon SL2,18mm,Y,N
2019,MHI,HAW,SE1902,HAW-3804,7/14/2019,19.50603,-154.808,3x15m,763,NCRMP_SFM_StRS_2019_SE1902_MHI_HAW_HAW-3804_IMG_0001.JPG,NCRMP_SFM_StRS_2019_SE1902_MHI_HAW_HAW-3804_IMG_0763.JPG,"10,11",53,,,,,"21,22",58,,,0.25,Canon SL2,18mm,Y,N
2019,MHI,HAW,SE1902,HAW-3814,7/14/2019,19.45816,-154.8347,3x20m,1331,NCRMP_SFM_StRS_2019_SE1902_MHI_HAW_HAW-3814_IMG_0001.JPG,NCRMP_SFM_StRS_2019_SE1902_MHI_HAW_HAW-3814_IMG_1331.JPG,"10,11",71,,,,,,,"21,22",69,0.25,Canon SL2,18mm,Y,N
2019,MHI,HAW,SE1902,HAW-3817,7/13/2019,19.85332,-155.0814,3x20m,1579,NCRMP_SFM_StRS_2019_SE1902_MHI_HAW_HAW-3817_IMG_0001.JPG,NCRMP_SFM_StRS_2019_SE1902_MHI_HAW_HAW-3817_IMG_1579.JPG,"10,11",37,,,,,,,"21,22",46,0.25,Canon SL2,18mm,Y,N
2019,MHI,HAW,SE1902,HAW-3820,7/14/2019,19.56728,-154.8943,3x20m,1422,NCRMP_SFM_StRS_2019_SE1902_MHI_HAW_HAW-3820_IMG_0001.JPG,NCRMP_SFM_StRS_2019_SE1902_MHI_HAW_HAW-3820_IMG_1422.JPG,"10,11",73,,,,,,,"21,22",72,0.25,Canon SL2,18mm,Y,N
2019,MHI,HAW,SE1902,HAW-3835,7/13/2019,19.71435,-154.9887,3x20m,1023,NCRMP_SFM_StRS_2019_SE1902_MHI_HAW_HAW-3835_IMG_0001.JPG,NCRMP_SFM_StRS_2019_SE1902_MHI_HAW_HAW-3835_IMG_1023.JPG,"10,11",32,,,,,,,"21,22",37,0.25,Canon SL2,18mm,N,N
2019,MHI,HAW,SE1902,HAW-3843,7/14/2019,19.53481,-154.8316,3x20m,1332,NCRMP_SFM_StRS_2019_SE1902_MHI_HAW_HAW-3843_IMG_0001.JPG,NCRMP_SFM_StRS_2019_SE1902_MHI_HAW_HAW-3843_IMG_1332.JPG,"10,11",18,,,,,,,"21,22",16,0.25,Canon SL2,18mm,Y,N
2019,MHI,HAW,SE1902,HAW-3854,7/13/2019,19.64772,-154.9813,3x20m,1259,NCRMP_SFM_StRS_2019_SE1902_MHI_HAW_HAW-3854_IMG_0001.JPG,NCRMP_SFM_StRS_2019_SE1902_MHI_HAW_HAW-3854_IMG_1259.JPG,"10,11",15,,,,,,,"21,22",18,0.25,Canon SL2,18mm,N,N
2019,MHI,HAW,SE1902,HAW-4203,7/15/2019,20.246042,-155.783357,3x20m,1325,NCRMP_SFM_StRS_2019_SE1902_MHI_HAW_HAW-4203_IMG_0001.JPG,NCRMP_SFM_StRS_2019_SE1902_MHI_HAW_HAW-4203_IMG_1325.JPG,"93,94",16,"8,9",14,"17,18",17,"40,41",15,,,0.25,Canon SL2,18mm,Y,N
2019,MHI,HAW,SE1902,HAW-4208,7/14/2019,19.58307,-154.919,3x20m,1232,NCRMP_SFM_StRS_2019_SE1902_MHI_HAW_HAW-4208_IMG_0001.JPG,NCRMP_SFM_StRS_2019_SE1902_MHI_HAW_HAW-4208_IMG_1232.JPG,"3,4",14,"57,58",16,"27,28",16,"63,64",17,,,0.25,Canon SL2,18mm,Y,Y
2019,MHI,HAW,SE1902,HAW-4219,7/15/2019,20.196579,-155.713916,3x20m,1211,NCRMP_SFM_StRS_2019_SE1902_MHI_HAW_HAW-4219_IMG_0001.JPG,NCRMP_SFM_StRS_2019_SE1902_MHI_HAW_HAW-4219_IMG_1211.JPG,"17,18",35,"8,9",36,"40,41",37,"93,94",35,,,0.25,Canon SL2,18mm,Y,N
2019,MHI,HAW,SE1902,HAW-4220,7/14/2019,20.24806,-155.782,3x13m,1004,NCRMP_SFM_StRS_2019_SE1902_MHI_HAW_HAW-4220_IMG_0001.JPG,NCRMP_SFM_StRS_2019_SE1902_MHI_HAW_HAW-4220_IMG_1004.JPG,"40,41",73,"17,18",75,"93,94",73,,,,,0.25,Canon SL2,18mm,N,N
2019,MHI,HAW,SE1902,HAW-4221,7/13/2019,20.09374,-155.442,3x20m,1570,NCRMP_SFM_StRS_2019_SE1902_MHI_HAW_HAW-4221_IMG_0001.JPG,NCRMP_SFM_StRS_2019_SE1902_MHI_HAW_HAW-4221_IMG_1570.JPG,"3,4",27,"57,58",26,"63,64",27,"27,28",29,,,0.25,Canon SL2,18mm,N,N
2019,MHI,HAW,SE1902,HAW-4224,7/14/2019,19.542266,-154.84331,3x20m,1426,NCRMP_SFM_StRS_2019_SE1902_MHI_HAW_HAW-4224_IMG_0001.JPG,NCRMP_SFM_StRS_2019_SE1902_MHI_HAW_HAW-4224_IMG_1426.JPG,"3,4",34,"57,58",41,"27,28",38,"63,64",37,,,0.25,Canon SL2,18mm,Y,N
2019,MHI,HAW,SE1902,HAW-4227,7/14/2019,19.549169,-154.860281,3x20m,2684,NCRMP_SFM_StRS_2019_SE1902_MHI_HAW_HAW-4227_IMG_0001.JPG,NCRMP_SFM_StRS_2019_SE1902_MHI_HAW_HAW-4227_IMG_2684.JPG,"17,18",45,"93,94",45,"40,41",47,,,,,0.25,Canon SL2,18mm,Y,N
2019,MHI,HAW,SE1902,HAW-4231,7/14/2019,19.93528,-155.162,3x20m,1361,NCRMP_SFM_StRS_2019_SE1902_MHI_HAW_HAW-4231_IMG_0001.JPG,NCRMP_SFM_StRS_2019_SE1902_MHI_HAW_HAW-4231_IMG_1361.JPG,"57,58",32,"3,4",32,"63,64",32,"27,28",32,,,0.25,Canon SL2,18mm,Y,N
2019,MHI,HAW,SE1902,HAW-4232,7/14/2019,19.51626,-154.804172,3x13m,991,NCRMP_SFM_StRS_2019_SE1902_MHI_HAW_HAW-4232_IMG_0001.JPG,NCRMP_SFM_StRS_2019_SE1902_MHI_HAW_HAW-4232_IMG_0991.JPG,"3,4",73,"63,64",73,"57,58",71,,,,,0.25,Canon SL2,18mm,N,N
2019,MHI,HAW,SE1902,HAW-4234,7/15/2019,20.201779,-155.724604,3x20m,1292,NCRMP_SFM_StRS_2019_SE1902_MHI_HAW_HAW-4234_IMG_0001.JPG,NCRMP_SFM_StRS_2019_SE1902_MHI_HAW_HAW-4234_IMG_1292.JPG,"17,18",17,"40,41",18,"8,9",18,"93,94",18,,,0.25,Canon SL2,18mm,Y,N
2019,MHI,HAW,SE1902,HAW-4237,7/13/2019,19.74647,-155.089,3x20m,1099,NCRMP_SFM_StRS_2019_SE1902_MHI_HAW_HAW-4237_IMG_0001.JPG,NCRMP_SFM_StRS_2019_SE1902_MHI_HAW_HAW-4237_IMG_1099.JPG,"3,4",27,"57,58",28,"27,28",27,"63,64",28,,,0.25,Canon SL2,18mm,N,N
2019,MHI,HAW,SE1902,HAW-4239,7/13/2019,19.84003,-155.083,3x13m,1517,NCRMP_SFM_StRS_2019_SE1902_MHI_HAW_HAW-4239_IMG_0001.JPG,NCRMP_SFM_StRS_2019_SE1902_MHI_HAW_HAW-4239_IMG_1517.JPG,"57,58",68,"63,64",67,"27,28",67,,,,,0.25,Canon SL2,18mm,N,N
2019,MHI,HAW,SE1902,HAW-4240,7/16/2019,19.82918,-156.002,3x20m,1192,NCRMP_SFM_StRS_2019_SE1902_MHI_HAW_HAW-4240_IMG_0001.JPG,NCRMP_SFM_StRS_2019_SE1902_MHI_HAW_HAW-4240_IMG_1192.JPG,"40,41",22,"93,94",20,"17,18",20,"8,9",22,,,0.25,Canon SL2,18mm,N,N
2019,MHI,HAW,SE1902,HAW-4241,7/16/2019,19.80169,-156.026,3x20m,1294,NCRMP_SFM_StRS_2019_SE1902_MHI_HAW_HAW-4241_IMG_0001.JPG,NCRMP_SFM_StRS_2019_SE1902_MHI_HAW_HAW-4241_IMG_1294.JPG,"17,18",18,"8,9",16,"93,94",20,"40,41",15,,,0.25,Canon SL2,18mm,N,N
2019,MHI,HAW,SE1902,HAW-4243,7/17/2019,19.607508,-155.983174,3x20m,2061,NCRMP_SFM_StRS_2019_SE1902_MHI_HAW_HAW-4243_IMG_0001.JPG,NCRMP_SFM_StRS_2019_SE1902_MHI_HAW_HAW-4243_IMG_2061.JPG,"3,4",56,"63,64",56,"57,58",53,"27,28",58,,,0.25,Canon SL2,18mm,N,N
2019,MHI,HAW,SE1902,HAW-4245,7/11/2019,19.04139,-155.882,3x20m,821,NCRMP_SFM_StRS_2019_SE1902_MHI_HAW_HAW-4245_IMG_0001.JPG,NCRMP_SFM_StRS_2019_SE1902_MHI_HAW_HAW-4245_IMG_0821.JPG,"93,94",17,"17,18",17,"40,41",17,"8,9",15,,,0.25,Canon SL2,18mm,N,N
2019,MHI,HAW,SE1902,HAW-4247,7/13/2019,19.73003,-155.066,3x20m,2137,NCRMP_SFM_StRS_2019_SE1902_MHI_HAW_HAW-4247_IMG_0001.JPG,NCRMP_SFM_StRS_2019_SE1902_MHI_HAW_HAW-4247_IMG_2137.JPG,"3,4",7,"57,58",9,"63,64",13,"27,28",13,,,0.25,Canon SL2,18mm,N,N
2019,MHI,HAW,SE1902,HAW-4249,7/14/2019,19.573559,-154.907607,3x20m,1287,NCRMP_SFM_StRS_2019_SE1902_MHI_HAW_HAW-4249_IMG_0001.JPG,NCRMP_SFM_StRS_2019_SE1902_MHI_HAW_HAW-4249_IMG_1287.JPG,"8,9",17,"17,18",17,"93,94",15,"40,41",19,,,0.25,Canon SL2,18mm,N,N
2019,MHI,HAW,SE1902,HAW-4252,7/12/2019,19.89119,-155.91,3x13m,1247,NCRMP_SFM_StRS_2019_SE1902_MHI_HAW_HAW-4252_IMG_0001.JPG,NCRMP_SFM_StRS_2019_SE1902_MHI_HAW_HAW-4252_IMG_1247.JPG,"63,64",67,"3,4",69,"27,28",67,,,,,0.25,Canon SL2,18mm,N,N
2019,MHI,HAW,SE1902,HAW-4253,7/12/2019,19.91255,-155.901,3x13m,1291,NCRMP_SFM_StRS_2019_SE1902_MHI_HAW_HAW-4253_IMG_0001.JPG,NCRMP_SFM_StRS_2019_SE1902_MHI_HAW_HAW-4253_IMG_1291.JPG,"8,9",61,"17,18",62,"93,94",63,,,,,0.25,Canon SL2,18mm,N,N
2019,MHI,HAW,SE1902,HAW-4254,7/16/2019,19.850164,-155.972788,3x13m,936,NCRMP_SFM_StRS_2019_SE1902_MHI_HAW_HAW-4254_IMG_0001.JPG,NCRMP_SFM_StRS_2019_SE1902_MHI_HAW_HAW-4254_IMG_0936.JPG,"17,18",73,,,"8,9",76,,,,,0.25,Canon SL2,18mm,N,Y
2019,MHI,HAW,SE1902,HAW-4257,7/12/2019,19.9208,-155.893,3x20m,1420,NCRMP_SFM_StRS_2019_SE1902_MHI_HAW_HAW-4257_IMG_0001.JPG,NCRMP_SFM_StRS_2019_SE1902_MHI_HAW_HAW-4257_IMG_1420.JPG,"63,64",35,"3,4",34,"57,58",34,"27,28",32,,,0.25,Canon SL2,18mm,N,N
2019,MHI,HAW,SE1902,HAW-4259,7/19/2019,19.34041,-155.886,3x13m,1007,NCRMP_SFM_StRS_2019_SE1902_MHI_HAW_HAW-4259_IMG_0001.JPG,NCRMP_SFM_StRS_2019_SE1902_MHI_HAW_HAW-4259_IMG_1007.JPG,"17,18",73,"27,28",72,"93,94",72,,,,,0.25,Canon SL2,18mm,N,N
2019,MHI,HAW,SE1902,HAW-4260,7/16/2019,19.78514,-156.044,3x20m,1245,NCRMP_SFM_StRS_2019_SE1902_MHI_HAW_HAW-4260_IMG_0001.JPG,NCRMP_SFM_StRS_2019_SE1902_MHI_HAW_HAW-4260_IMG_1245.JPG,"17,18",15,"8,9",15,"40,41",15,"93,94",15,,,0.25,Canon SL2,18mm,N,N
2019,MHI,HAW,SE1902,HAW-4263,7/11/2019,19.16264,-155.9148,3x20m,859,NCRMP_SFM_StRS_2019_SE1902_MHI_HAW_HAW-4263_IMG_0001.JPG,NCRMP_SFM_StRS_2019_SE1902_MHI_HAW_HAW-4263_IMG_0859.JPG,"40,41",41,"93,94",40,"17,18",41,"8,9",42,,,0.25,Canon SL2,18mm,N,N
2019,MHI,HAW,SE1902,HAW-4264,7/17/2019,19.71592,-156.053,3x20m,1272,NCRMP_SFM_StRS_2019_SE1902_MHI_HAW_HAW-4264_IMG_0001.JPG,NCRMP_SFM_StRS_2019_SE1902_MHI_HAW_HAW-4264_IMG_1272.JPG,"17,18",19,"8,9",21,"93,94",17,"40,41",20,,,0.25,Canon SL2,18mm,Y,N
2019,MHI,HAW,SE1902,HAW-4267,7/12/2019,19.9863,-155.835,3x20m,1077,NCRMP_SFM_StRS_2019_SE1902_MHI_HAW_HAW-4267_IMG_0001.JPG,NCRMP_SFM_StRS_2019_SE1902_MHI_HAW_HAW-4267_IMG_1077.JPG,"17,18",47,"8,9",46,"93,94",48,"40,41",46,,,0.25,Canon SL2,18mm,N,N
2019,MHI,HAW,SE1902,HAW-4268,7/17/2019,19.56701,-155.97,3x20m,1185,NCRMP_SFM_StRS_2019_SE1902_MHI_HAW_HAW-4268_IMG_0001.JPG,NCRMP_SFM_StRS_2019_SE1902_MHI_HAW_HAW-4268_IMG_1185.JPG,"17,18",29,"40,41",30,"8,9",31,"93,94",28,,,0.25,Canon SL2,18mm,N,N
2019,MHI,HAW,SE1902,HAW-4272,7/12/2019,19.90393,-155.904,3x20m,1392,NCRMP_SFM_StRS_2019_SE1902_MHI_HAW_HAW-4272_IMG_0001.JPG,NCRMP_SFM_StRS_2019_SE1902_MHI_HAW_HAW-4272_IMG_1392.JPG,"63,64",42,"3,4",45,"57,58",47,"27,28",46,,,0.25,Canon SL2,18mm,Y,N
2019,MHI,HAW,SE1902,HAW-4277,7/11/2019,19.07632,-155.905,3x20m,1683,NCRMP_SFM_StRS_2019_SE1902_MHI_HAW_HAW-4277_IMG_0001.JPG,NCRMP_SFM_StRS_2019_SE1902_MHI_HAW_HAW-4277_IMG_1683.JPG,"40,41",40,"93,94",39,"17,18",39,"8,9",41,,,0.25,Canon SL2,18mm,Y,N
2019,MHI,HAW,SE1902,HAW-4278,7/12/2019,20.04443,-155.841,3x20m,893,NCRMP_SFM_StRS_2019_SE1902_MHI_HAW_HAW-4278_IMG_0001.JPG,NCRMP_SFM_StRS_2019_SE1902_MHI_HAW_HAW-4278_IMG_0893.JPG,"93,94",31,"40,41",32,"17,18",32,"8,9",32,,,0.25,Canon SL2,18mm,N,N
2019,MHI,HAW,SE1902,HAW-4280,7/17/2019,19.579364,-155.969723,3x20m,2074,NCRMP_SFM_StRS_2019_SE1902_MHI_HAW_HAW-4280_IMG_0001.JPG,NCRMP_SFM_StRS_2019_SE1902_MHI_HAW_HAW-4280_IMG_2074.JPG,"27,28",8,"57,58",7,"63,64",8,,,,,0.25,Canon SL2,18mm,Y,N
2019,MHI,HAW,SE1902,HAW-4283,7/12/2019,20.05701,-155.845,3x20m,1830,NCRMP_SFM_StRS_2019_SE1902_MHI_HAW_HAW-4283_IMG_0001.JPG,NCRMP_SFM_StRS_2019_SE1902_MHI_HAW_HAW-4283_IMG_1830.JPG,"17,18",13,"8,9",9,"40,41",10,"93,94",11,,,0.25,Canon SL2,18mm,N,N
2019,MHI,HAW,SE1902,HAW-4285,7/12/2019,19.94924,-155.866,3x20m,1320,NCRMP_SFM_StRS_2019_SE1902_MHI_HAW_HAW-4285_IMG_0001.JPG,NCRMP_SFM_StRS_2019_SE1902_MHI_HAW_HAW-4285_IMG_1320.JPG,"3,4",5,"57,58",4,"27,28",4,"63,64",4,,,0.25,Canon SL2,18mm,N,N
2019,MHI,HAW,SE1902,HAW-4287,7/17/2019,19.59316,-155.972,3x20m,2226,NCRMP_SFM_StRS_2019_SE1902_MHI_HAW_HAW-4287_IMG_0001.JPG,NCRMP_SFM_StRS_2019_SE1902_MHI_HAW_HAW-4287_IMG_2226.JPG,"3,4",13,"27,28",12,"57,58",12,"63,64",12,,,0.25,Canon SL2,18mm,Y,N
2019,MHI,HAW,SE1902,HAW-4292,7/19/2019,19.39198,-155.908,3x20m,1213,NCRMP_SFM_StRS_2019_SE1902_MHI_HAW_HAW-4292_IMG_0001.JPG,NCRMP_SFM_StRS_2019_SE1902_MHI_HAW_HAW-4292_IMG_1213.JPG,"93,94",45,"27,28",43,"17,18",46,,,,,0.25,Canon SL2,18mm,N,N
2019,MHI,HAW,SE1902,HAW-4294,7/17/2019,19.56123,-155.965,3x20m,1227,NCRMP_SFM_StRS_2019_SE1902_MHI_HAW_HAW-4294_IMG_0001.JPG,NCRMP_SFM_StRS_2019_SE1902_MHI_HAW_HAW-4294_IMG_1227.JPG,"17,18",44,"93,94",47,"8,9",48,"40,41",48,,,0.25,Canon SL2,18mm,Y,N
2019,MHI,HAW,SE1902,HAW-4296,7/17/2019,19.64261,-156.011,3x13m,932,NCRMP_SFM_StRS_2019_SE1902_MHI_HAW_HAW-4296_IMG_0001.JPG,NCRMP_SFM_StRS_2019_SE1902_MHI_HAW_HAW-4296_IMG_0932.JPG,"93,94",73,"17,18",77,"8,9",75,,,,,0.25,Canon SL2,18mm,N,N
2019,MHI,HAW,SE1902,HAW-4299,7/19/2019,19.45134,-155.922,3x20m,1195,NCRMP_SFM_StRS_2019_SE1902_MHI_HAW_HAW-4299_IMG_0001.JPG,NCRMP_SFM_StRS_2019_SE1902_MHI_HAW_HAW-4299_IMG_1195.JPG,"40,41",13,"93,94",12,"17,18",13,"27,28",13,,,0.25,Canon SL2,18mm,N,N
2019,MHI,HAW,SE1902,HAW-4300,7/11/2019,19.19076,-155.9087,3x13m,1023,NCRMP_SFM_StRS_2019_SE1902_MHI_HAW_HAW-4300_IMG_0001.JPG,NCRMP_SFM_StRS_2019_SE1902_MHI_HAW_HAW-4300_IMG_1023.JPG,"40,41",69,"17,18",70,"93,94",66,,,,,0.25,Canon SL2,18mm,N,N
2019,MHI,HAW,SE1902,HAW-4304,7/17/2019,19.67385,-156.032,3x13m,1463,NCRMP_SFM_StRS_2019_SE1902_MHI_HAW_HAW-4304_IMG_0001.JPG,NCRMP_SFM_StRS_2019_SE1902_MHI_HAW_HAW-4304_IMG_1463.JPG,"57,58",82,"3,4",81,"63,64",84,,,,,0.25,Canon SL2,18mm,Y,N
2019,MHI,KAH,SE1902,KAH-420,4/25/2019,20.589301,-156.548185,3x20m,925,NCRMP_SFM_StRS_2019_SE1902_MHI_KAH_KAH-420_IMG_0001.JPG,NCRMP_SFM_StRS_2019_SE1902_MHI_KAH_KAH-420_IMG_0925.JPG,"8,9",43,,,,,,,"21,22",42,0.5,Canon SL2,18mm,N,N
2019,MHI,KAH,SE1902,KAH-424,5/6/2019,20.520011,-156.710626,3x20m,1063,NCRMP_SFM_StRS_2019_SE1902_MHI_KAH_KAH-424_IMG_0001.JPG,NCRMP_SFM_StRS_2019_SE1902_MHI_KAH_KAH-424_IMG_1063.JPG,"8,9",74,,,,,,,"21,22",76,0.5,Canon SL2,18mm,N,N
2019,MHI,KAH,SE1902,KAH-425,5/6/2019,20.513914,-156.689214,3x20m,1646,NCRMP_SFM_StRS_2019_SE1902_MHI_KAH_KAH-425_IMG_0001.JPG,NCRMP_SFM_StRS_2019_SE1902_MHI_KAH_KAH-425_IMG_1646.JPG,"8,9",39,,,,,,,"21,22",42,0.5,Canon SL2,18mm,N,N
2019,MHI,KAH,SE1902,KAH-450,5/6/2019,20.504288,-156.657697,3x20m,1114,NCRMP_SFM_StRS_2019_SE1902_MHI_KAH_KAH-450_IMG_0001.JPG,NCRMP_SFM_StRS_2019_SE1902_MHI_KAH_KAH-450_IMG_1114.JPG,"8,9",52,,,,,,,"21,22",52,0.5,Canon SL2,18mm,N,N
2019,MHI,KAH,SE1902,KAH-467,5/6/2019,20.510188,-156.629161,3x20m,675,NCRMP_SFM_StRS_2019_SE1902_MHI_KAH_KAH-467_IMG_0001.JPG,NCRMP_SFM_StRS_2019_SE1902_MHI_KAH_KAH-467_IMG_0675.JPG,"8,9",69,,,,,,,"21,22",71,0.5,Canon SL2,18mm,N,N
2019,MHI,KAH,SE1902,KAH-474,4/25/2019,20.590042,-156.609936,3x20m,1098,NCRMP_SFM_StRS_2019_SE1902_MHI_KAH_KAH-474_IMG_0001.JPG,NCRMP_SFM_StRS_2019_SE1902_MHI_KAH_KAH-474_IMG_1098.JPG,"8,9",19,,,,,,,"21,22",15,0.5,Canon SL2,18mm,N,N
2019,MHI,KAH,SE1902,KAH-479,5/6/2019,20.51488,-156.604139,3x20m,1300,NCRMP_SFM_StRS_2019_SE1902_MHI_KAH_KAH-479_IMG_0001.JPG,NCRMP_SFM_StRS_2019_SE1902_MHI_KAH_KAH-479_IMG_1300.JPG,"8,9",16,,,,,,,"21,22",17,0.5,Canon SL2,18mm,Y,N
2019,MHI,KAH,SE1902,KAH-484,4/25/2019,20.52629,-156.709942,3x20m,1380,NCRMP_SFM_StRS_2019_SE1902_MHI_KAH_KAH-484_IMG_0001.JPG,NCRMP_SFM_StRS_2019_SE1902_MHI_KAH_KAH-484_IMG_1380.JPG,"8,9",35,,,,,,,"21,22",41,0.5,Canon SL2,18mm,N,N
2019,MHI,KAH,SE1902,KAH-495,4/25/2019,20.607648,-156.577038,3x20m,1643,NCRMP_SFM_StRS_2019_SE1902_MHI_KAH_KAH-495_IMG_0001.JPG,NCRMP_SFM_StRS_2019_SE1902_MHI_KAH_KAH-495_IMG_1643.JPG,"8,9",71,,,,,,,"21,22",72,0.5,Canon SL2,18mm,Y,N
2019,MHI,KAH,SE1902,KAH-498,4/25/2019,20.543843,-156.693574,3x20m,884,NCRMP_SFM_StRS_2019_SE1902_MHI_KAH_KAH-498_IMG_0001.JPG,NCRMP_SFM_StRS_2019_SE1902_MHI_KAH_KAH-498_IMG_0884.JPG,"8,9",71,,,,,,,"21,22",68,0.5,Canon SL2,18mm,N,N
2019,MHI,KAH,SE1902,KAH-518,4/25/2019,20.558879,-156.66655,3x20m,1728,NCRMP_SFM_StRS_2019_SE1902_MHI_KAH_KAH-518_IMG_0001.JPG,NCRMP_SFM_StRS_2019_SE1902_MHI_KAH_KAH-518_IMG_1728.JPG,"8,9",25,,,,,,,"21,22",31,0.5,Canon SL2,18mm,N,N
2019,MHI,KAH,SE1902,KAH-608,5/6/2019,20.51455,-156.696,3x13m,882,NCRMP_SFM_StRS_2019_SE1902_MHI_KAH_KAH-608_IMG_0001.JPG,NCRMP_SFM_StRS_2019_SE1902_MHI_KAH_KAH-608_IMG_0882.JPG,"17,18",52,"10,11",53,"57,58",52,,,,,0.5,Canon SL2,18mm,N,N
2019,MHI,KAH,SE1902,KAH-619,4/25/2019,20.59089,-156.548,3x15m,777,NCRMP_SFM_StRS_2019_SE1902_MHI_KAH_KAH-619_IMG_0001.JPG,NCRMP_SFM_StRS_2019_SE1902_MHI_KAH_KAH-619_IMG_0777.JPG,"10,11",66,"57,58",66,"40,41",67,,,,,0.5,Canon SL2,18mm,N,N
2019,MHI,KAH,SE1902,KAH-627,4/25/2019,20.58214,-156.622,3x20m,1692,NCRMP_SFM_StRS_2019_SE1902_MHI_KAH_KAH-627_IMG_0001.JPG,NCRMP_SFM_StRS_2019_SE1902_MHI_KAH_KAH-627_IMG_1692.JPG,"63,64",40,"10,11",39,"40,41",40,"57,58",35,,,0.5,Canon SL2,18mm,Y,N
2019,MHI,KAH,SE1902,KAH-632,5/6/2019,20.51311,-156.606,3x20m,1305,NCRMP_SFM_StRS_2019_SE1902_MHI_KAH_KAH-632_IMG_0001.JPG,NCRMP_SFM_StRS_2019_SE1902_MHI_KAH_KAH-632_IMG_1305.JPG,"40,41",43,"33,34",41,"27,28",44,"63,64",45,,,0.5,Canon SL2,18mm,Y,N
2019,MHI,KAH,SE1902,KAH-635,4/25/2019,20.55698,-156.674,3x20m,1948,NCRMP_SFM_StRS_2019_SE1902_MHI_KAH_KAH-635_IMG_0001.JPG,NCRMP_SFM_StRS_2019_SE1902_MHI_KAH_KAH-635_IMG_1948.JPG,"40,41",16,"57,58",13,"63,64",19,"10,11",14,,,0.5,Canon SL2,18mm,Y,N
2019,MHI,KAH,SE1902,KAH-646,5/6/2019,20.50089,-156.677,3x13m,1187,NCRMP_SFM_StRS_2019_SE1902_MHI_KAH_KAH-646_IMG_0001.JPG,NCRMP_SFM_StRS_2019_SE1902_MHI_KAH_KAH-646_IMG_1187.JPG,"40,41",74,"63,64",73,"33,34",69,,,,,0.5,Canon SL2,18mm,N,N
2019,MHI,KAH,SE1902,KAH-659,4/25/2019,20.60493,-156.583,3x20m,1256,NCRMP_SFM_StRS_2019_SE1902_MHI_KAH_KAH-659_IMG_0001.JPG,NCRMP_SFM_StRS_2019_SE1902_MHI_KAH_KAH-659_IMG_1256.JPG,"57,58",52,"40,41",52,"63,64",52,"10,11",50,,,0.5,Canon SL2,18mm,N,N
2019,MHI,KAH,SE1902,KAH-662,5/6/2019,20.51421,-156.572,3x20m,1472,NCRMP_SFM_StRS_2019_SE1902_MHI_KAH_KAH-662_IMG_0001.JPG,NCRMP_SFM_StRS_2019_SE1902_MHI_KAH_KAH-662_IMG_1472.JPG,"10,11",19,"57,58",18,"3,4",20,"17,18",18,,,0.5,Canon SL2,18mm,N,N
2019,MHI,KAH,SE1902,KAH-663,5/6/2019,20.51683,-156.554,3x20m,1538,NCRMP_SFM_StRS_2019_SE1902_MHI_KAH_KAH-663_IMG_0001.JPG,NCRMP_SFM_StRS_2019_SE1902_MHI_KAH_KAH-663_IMG_1538.JPG,"63,64",21,"40,41",20,"33,34",19,"27,28",22,,,0.5,Canon SL2,18mm,Y,N
2019,MHI,KAH,SE1902,KAH-672,5/6/2019,20.50559,-156.641,3x13m,783,NCRMP_SFM_StRS_2019_SE1902_MHI_KAH_KAH-672_IMG_0001.JPG,NCRMP_SFM_StRS_2019_SE1902_MHI_KAH_KAH-672_IMG_0783.JPG,"3,4",67,"57,58",70,"17,18",71,,,,,0.5,Canon SL2,18mm,N,N
2019,MHI,KAU,SE1902,KAU-1876,7/24/2019,21.91372,-159.65952,3x20m,1215,NCRMP_SFM_StRS_2019_SE1902_MHI_KAU_KAU-1876_IMG_0001.JPG,NCRMP_SFM_StRS_2019_SE1902_MHI_KAU_KAU-1876_IMG_1215.JPG,"21,22",69,"10,11",69,,,,,,,0.25,Canon SL2,18mm,Y,N
2019,MHI,KAU,SE1902,KAU-1880,7/24/2019,21.88957,-159.60907,3x20m,1106,NCRMP_SFM_StRS_2019_SE1902_MHI_KAU_KAU-1880_IMG_0001.JPG,NCRMP_SFM_StRS_2019_SE1902_MHI_KAU_KAU-1880_IMG_1106.JPG,"21,22",42,"10,11",42,,,,,,,0.25,Canon SL2,18mm,N,N
2019,MHI,KAU,SE1902,KAU-1890,7/24/2019,21.88222,-159.51022,3x20m,683,NCRMP_SFM_StRS_2019_SE1902_MHI_KAU_KAU-1890_IMG_0001.JPG,NCRMP_SFM_StRS_2019_SE1902_MHI_KAU_KAU-1890_IMG_0683.JPG,"21,22",46,"10,11",46,,,,,,,0.25,Canon SL2,18mm,N,N
2019,MHI,KAU,SE1902,KAU-1909,7/24/2019,21.95107,-159.69696,3x20m,1152,NCRMP_SFM_StRS_2019_SE1902_MHI_KAU_KAU-1909_IMG_0001.JPG,NCRMP_SFM_StRS_2019_SE1902_MHI_KAU_KAU-1909_IMG_1152.JPG,"21,22",68,"10,11",68,,,,,,,0.25,Canon SL2,18mm,N,N
2019,MHI,KAU,SE1902,KAU-1956,7/24/2019,21.9089,-159.62688,3x20m,1141,NCRMP_SFM_StRS_2019_SE1902_MHI_KAU_KAU-1956_IMG_0001.JPG,NCRMP_SFM_StRS_2019_SE1902_MHI_KAU_KAU-1956_IMG_1141.JPG,"21,22",13,"10,11",13,,,,,,,0.25,Canon SL2,18mm,N,N
2019,MHI,KAU,SE1902,KAU-2100,7/28/2019,22.076976,-159.297917,3x13m,1354,NCRMP_SFM_StRS_2019_SE1902_MHI_KAU_KAU-2100_IMG_0001.JPG,NCRMP_SFM_StRS_2019_SE1902_MHI_KAU_KAU-2100_IMG_1354.JPG,"93,94",84,"40,41",86,"8,9",87,,,,,0.25,Canon SL2,18mm,N,N
2019,MHI,KAU,SE1902,KAU-2101,7/24/2019,21.875405,-159.523047,3x13m,765,NCRMP_SFM_StRS_2019_SE1902_MHI_KAU_KAU-2101_IMG_0001.JPG,NCRMP_SFM_StRS_2019_SE1902_MHI_KAU_KAU-2101_IMG_0765.JPG,"8,9",68,"63,64",66,"57,58",65,,,,,0.25,Canon SL2,18mm,N,N
2019,MHI,KAU,SE1902,KAU-2105,7/24/2019,21.913054,-159.659167,3x13m,733,NCRMP_SFM_StRS_2019_SE1902_MHI_KAU_KAU-2105_IMG_0001.JPG,NCRMP_SFM_StRS_2019_SE1902_MHI_KAU_KAU-2105_IMG_0733.JPG,"93,94",75,"17,18",74,"3,4",75,,,,,0.25,Canon SL2,18mm,N,N
2019,MHI,KAU,SE1902,KAU-2113,7/28/2019,21.956434,-159.337983,3x20m,1766,NCRMP_SFM_StRS_2019_SE1902_MHI_KAU_KAU-2113_IMG_0001.JPG,NCRMP_SFM_StRS_2019_SE1902_MHI_KAU_KAU-2113_IMG_1766.JPG,"40,41",14,"93,94",13,"17,18",12,"8,9",12,,,0.25,Canon SL2,18mm,N,N
2019,MHI,KAU,SE1902,KAU-2115,7/24/2019,21.92768,-159.652,3x20m,1209,NCRMP_SFM_StRS_2019_SE1902_MHI_KAU_KAU-2115_IMG_0001.JPG,NCRMP_SFM_StRS_2019_SE1902_MHI_KAU_KAU-2115_IMG_1209.JPG,"17,18",31,"40,41",32,"93,94",32,"3,4",32,,,0.25,Canon SL2,18mm,Y,N
2019,MHI,KAU,SE1902,KAU-2118,7/28/2019,22.002109,-159.32247,3x20m,1757,NCRMP_SFM_StRS_2019_SE1902_MHI_KAU_KAU-2118_IMG_0001.JPG,NCRMP_SFM_StRS_2019_SE1902_MHI_KAU_KAU-2118_IMG_1757.JPG,"8,9",71,"40,41",69,"17,18",71,"93,94",68,,,0.25,Canon SL2,18mm,Y,N
2019,MHI,KAU,SE1902,KAU-2119,7/24/2019,21.888873,-159.572176,3x20m,1183,NCRMP_SFM_StRS_2019_SE1902_MHI_KAU_KAU-2119_IMG_0001.JPG,NCRMP_SFM_StRS_2019_SE1902_MHI_KAU_KAU-2119_IMG_1183.JPG,"57,58",52,"27,28",52,"8,9",51,"63,64",53,,,0.25,Canon SL2,18mm,Y,N
2019,MHI,KAU,SE1902,KAU-2127,7/24/2019,21.934153,-159.662431,3x13m,915,NCRMP_SFM_StRS_2019_SE1902_MHI_KAU_KAU-2127_IMG_0001.JPG,NCRMP_SFM_StRS_2019_SE1902_MHI_KAU_KAU-2127_IMG_0915.JPG,"63,64",27,"27,28",28,"57,58",28,"8,9",28,,,0.25,Canon SL2,18mm,N,Y
2019,MHI,KAU,SE1902,KAU-2128,7/24/2019,21.953135,-159.705824,3x20m,1023,NCRMP_SFM_StRS_2019_SE1902_MHI_KAU_KAU-2128_IMG_0001.JPG,NCRMP_SFM_StRS_2019_SE1902_MHI_KAU_KAU-2128_IMG_1023.JPG,"3,4",24,"93,94",26,"17,18",24,"40,41",25,,,0.25,Canon SL2,18mm,Y,N
2019,MHI,KAU,SE1902,KAU-2133,7/28/2019,22.06057,-159.318,3x20m,1776,NCRMP_SFM_StRS_2019_SE1902_MHI_KAU_KAU-2133_IMG_0001.JPG,NCRMP_SFM_StRS_2019_SE1902_MHI_KAU_KAU-2133_IMG_1776.JPG,"17,18",57,"40,41",57,"93,94",56,"8,9",57,,,0.25,Canon SL2,18mm,N,N
2019,MHI,KAU,SE1902,KAU-2145,7/27/2019,22.203572,-159.634819,3x13m,1225,NCRMP_SFM_StRS_2019_SE1902_MHI_KAU_KAU-2145_IMG_0001.JPG,NCRMP_SFM_StRS_2019_SE1902_MHI_KAU_KAU-2145_IMG_1225.JPG,"8,9",87,"17,18",88,"93,94",88,,,,,0.25,Canon SL2,18mm,N,N
2019,MHI,KAU,SE1902,KAU-2146,7/27/2019,22.171172,-159.692323,3x20m,2090,NCRMP_SFM_StRS_2019_SE1902_MHI_KAU_KAU-2146_IMG_0001.JPG,NCRMP_SFM_StRS_2019_SE1902_MHI_KAU_KAU-2146_IMG_2090.JPG,"8,9",68,"17,18",66,"40,41",66,"93,94",68,,,0.25,Canon SL2,18mm,N,N
2019,MHI,KAU,SE1902,KAU-2160,7/27/2019,22.14633,-159.75,3x20m,2249,NCRMP_SFM_StRS_2019_SE1902_MHI_KAU_KAU-2160_IMG_0001.JPG,NCRMP_SFM_StRS_2019_SE1902_MHI_KAU_KAU-2160_IMG_2249.JPG,"93,94",52,"8,9",51,"40,41",51,"17,18",52,,,0.25,Canon SL2,18mm,Y,N
2019,MHI,KAU,SE1902,KAU-2164,7/27/2019,22.163459,-159.72309,3x20m,1675,NCRMP_SFM_StRS_2019_SE1902_MHI_KAU_KAU-2164_IMG_0001.JPG,NCRMP_SFM_StRS_2019_SE1902_MHI_KAU_KAU-2164_IMG_1675.JPG,"8,9",47,"93,93",47,"17,18",47,"40,41",48,,,0.25,Canon SL2,18mm,Y,N
2019,MHI,KAU,SE1902,KAU-2166,7/27/2019,22.11206,-159.739,3x20m,2680,NCRMP_SFM_StRS_2019_SE1902_MHI_KAU_KAU-2166_IMG_0001.JPG,NCRMP_SFM_StRS_2019_SE1902_MHI_KAU_KAU-2166_IMG_2680.JPG,"93,94",9,"8,9",12,"40,41",6,"17,18",10,,,0.25,Canon SL2,18mm,Y,N
2019,MHI,LAN,SE1902,LAN-1736,7/29/2019,20.922317,-156.90008,3x20m,1260,NCRMP_SFM_StRS_2019_SE1902_MHI_LAN_LAN-1736_IMG_0001.JPG,NCRMP_SFM_StRS_2019_SE1902_MHI_LAN_LAN-1736_IMG_1260.JPG,"10,11",60,,,,,,,"21,22",60,0.25,Canon SL2,18mm,N,N
2019,MHI,LAN,SE1902,LAN-1740,7/29/2019,20.909039,-156.87874,3x20m,1428,NCRMP_SFM_StRS_2019_SE1902_MHI_LAN_LAN-1740_IMG_0001.JPG,NCRMP_SFM_StRS_2019_SE1902_MHI_LAN_LAN-1740_IMG_1428.JPG,"10,11",41,,,,,,,"21,22",45,0.25,Canon SL2,18mm,Y,N
2019,MHI,LAN,SE1902,LAN-1744,7/29/2019,20.866629,-156.83091,3x20m,1582,NCRMP_SFM_StRS_2019_SE1902_MHI_LAN_LAN-1744_IMG_0001.JPG,NCRMP_SFM_StRS_2019_SE1902_MHI_LAN_LAN-1744_IMG_1582.JPG,"10,11",42,,,,,,,"21,22",43,0.25,Canon SL2,18mm,Y,N
2019,MHI,LAN,SE1902,LAN-1767,7/29/2019,20.922491,-156.896249,3x13m,1082,NCRMP_SFM_StRS_2019_SE1902_MHI_LAN_LAN-1767_IMG_0001.JPG,NCRMP_SFM_StRS_2019_SE1902_MHI_LAN_LAN-1767_IMG_1082.JPG,"17,18",64,"93,94",65,"40,41",65,"8,9",65,,,0.25,Canon SL2,18mm,Y,N
2019,MHI,LAN,SE1902,LAN-1768,7/10/2019,20.87009,-156.833,3x20m,953,NCRMP_SFM_StRS_2019_SE1902_MHI_LAN_LAN-1768_IMG_0002.JPG,NCRMP_SFM_StRS_2019_SE1902_MHI_LAN_LAN-1768_IMG_0954.JPG,"8,9",40,"93,94",39,"40,41",38,"17,19",39,,,0.25,Canon SL2,18mm,N,N
2019,MHI,LAN,SE1902,LAN-1777,4/26/2019,20.733334,-156.941385,3x20m,982,NCRMP_SFM_StRS_2019_SE1902_MHI_LAN_LAN-1777_IMG_0001.JPG,NCRMP_SFM_StRS_2019_SE1902_MHI_LAN_LAN-1777_IMG_0982.JPG,"8,9",70,,,,,,,"21,22",70,0.5,Canon SL2,18mm,N,N
2019,MHI,LAN,SE1902,LAN-1778,4/26/2019,20.733298,-156.930106,3x20m,1028,NCRMP_SFM_StRS_2019_SE1902_MHI_LAN_LAN-1778_IMG_0001.JPG,NCRMP_SFM_StRS_2019_SE1902_MHI_LAN_LAN-1778_IMG_1028.JPG,"8,9",68,,,,,,,"21,22",70,0.5,Canon SL2,18mm,N,N
2019,MHI,LAN,SE1902,LAN-1783,7/29/2019,20.923624,-156.923681,3x20m,1150,NCRMP_SFM_StRS_2019_SE1902_MHI_LAN_LAN-1783_IMG_0001.JPG,NCRMP_SFM_StRS_2019_SE1902_MHI_LAN_LAN-1783_IMG_1150.JPG,"93,94",30,"8,9",31,"17,18",32,"40,41",34,,,0.25,Canon SL2,18mm,Y,N
2019,MHI,LAN,SE1902,LAN-1785,7/29/2019,20.897379,-156.868382,3x20m,1178,NCRMP_SFM_StRS_2019_SE1902_MHI_LAN_LAN-1785_IMG_0001.JPG,NCRMP_SFM_StRS_2019_SE1902_MHI_LAN_LAN-1785_IMG_1178.JPG,"40,41",20,"93,94",20,"17,18",20,"8,9",20,,,0.25,Canon SL2,18mm,Y,N
2019,MHI,LAN,SE1902,LAN-1788,7/10/2019,20.86759,-156.841,3x20m,1537,NCRMP_SFM_StRS_2019_SE1902_MHI_LAN_LAN-1788_IMG_0001.JPG,NCRMP_SFM_StRS_2019_SE1902_MHI_LAN_LAN-1788_IMG_1537.JPG,"3,4",13,"57,58",10,"27,28",14,"63,64",13,,,0.25,Canon SL2,18mm,N,N
2019,MHI,LAN,SE1902,LAN-1789,7/29/2019,20.932909,-156.961339,3x20m,1001,NCRMP_SFM_StRS_2019_SE1902_MHI_LAN_LAN-1789_IMG_0001.JPG,NCRMP_SFM_StRS_2019_SE1902_MHI_LAN_LAN-1789_IMG_1001.JPG,"93,93",27,"8,9",27,"17,18",26,"40,41",27,,,0.25,Canon SL2,18mm,Y,N
2019,MHI,LAN,SE1902,LAN-1795,4/26/2019,20.72959,-156.951,3x13m,1001,NCRMP_SFM_StRS_2019_SE1902_MHI_LAN_LAN-1795_IMG_0001.JPG,NCRMP_SFM_StRS_2019_SE1902_MHI_LAN_LAN-1795_IMG_1001.JPG,"33,34",69,"10,11",65,"63,64",66,,,,,0.5,Canon SL2,18mm,N,N
2019,MHI,LAN,SE1902,LAN-1809,7/20/2019,20.780128,-156.992239,3x13m,938,NCRMP_SFM_StRS_2019_SE1902_MHI_LAN_LAN-1809_IMG_0001.JPG,NCRMP_SFM_StRS_2019_SE1902_MHI_LAN_LAN-1809_IMG_0938.JPG,"57,58",62,"3,4",63,"8,9",60,,,,,0.25,Canon SL2,18mm,N,N
2019,MHI,LAN,SE1902,LAN-1810,7/20/2019,20.860202,-157.027821,3x20m,1229,NCRMP_SFM_StRS_2019_SE1902_MHI_LAN_LAN-1810_IMG_0001.JPG,NCRMP_SFM_StRS_2019_SE1902_MHI_LAN_LAN-1810_IMG_1229.JPG,"93,94",37,"27,28",34,"17,18",34,"40,41",31,,,0.25,Canon SL2,18mm,N,N
2019,MHI,LAN,SE1902,LAN-1811,7/20/2019,20.88209,-157.058,3x20m,1115,NCRMP_SFM_StRS_2019_SE1902_MHI_LAN_LAN-1811_IMG_0001.JPG,NCRMP_SFM_StRS_2019_SE1902_MHI_LAN_LAN-1811_IMG_1115.JPG,"63,64",8,"3,4",7,"8,9",7,"57,58",8,,,0.25,Canon SL2,18mm,N,N
2019,MHI,LAN,SE1902,LAN-1813,7/20/2019,20.82109,-156.992,3x20m,1232,NCRMP_SFM_StRS_2019_SE1902_MHI_LAN_LAN-1813_IMG_0001.JPG,NCRMP_SFM_StRS_2019_SE1902_MHI_LAN_LAN-1813_IMG_1232.JPG,"63,64",45,"8,9",43,"3,4",42,"58,57",44,,,0.25,Canon SL2,18mm,N,N
2019,MHI,LAN,SE1902,LAN-1814,7/10/2019,20.85459,-156.82,3x20m,996,NCRMP_SFM_StRS_2019_SE1902_MHI_LAN_LAN-1814_IMG_0001.JPG,NCRMP_SFM_StRS_2019_SE1902_MHI_LAN_LAN-1814_IMG_0996.JPG,"8,9",35,"93,94",33,"17,18",36,"40,41",31,,,0.25,Canon SL2,18mm,N,N
2019,MHI,LAN,SE1902,LAN-1815,7/20/2019,20.853104,-157.013381,3x20m,1265,NCRMP_SFM_StRS_2019_SE1902_MHI_LAN_LAN-1815_IMG_0001.JPG,NCRMP_SFM_StRS_2019_SE1902_MHI_LAN_LAN-1815_IMG_1265.JPG,"27,28",15,"17,18",15,"93,94",14,"40,41",14,,,0.25,Canon SL2,18mm,N,N
2019,MHI,LAN,SE1902,LAN-1816,7/10/2019,20.82959,-156.805,3x20m,998,NCRMP_SFM_StRS_2019_SE1902_MHI_LAN_LAN-1816_IMG_0001.JPG,NCRMP_SFM_StRS_2019_SE1902_MHI_LAN_LAN-1816_IMG_0998.JPG,"8,9",31,"93,94",31,"17,18",31,"40,41",30,,,0.25,Canon SL2,18mm,N,N
2019,MHI,LAN,SE1902,LAN-1817,7/20/2019,20.84509,-157.008,3x20m,1447,NCRMP_SFM_StRS_2019_SE1902_MHI_LAN_LAN-1817_IMG_0001.JPG,NCRMP_SFM_StRS_2019_SE1902_MHI_LAN_LAN-1817_IMG_1447.JPG,"3,4",26,"57,58",28,"63,64",27,"8,9",22,,,0.25,Canon SL2,18mm,Y,N
2019,MHI,LAN,SE1902,LAN-1818,7/20/2019,20.837106,-156.998897,3x20m,1300,NCRMP_SFM_StRS_2019_SE1902_MHI_LAN_LAN-1818_IMG_0001.JPG,NCRMP_SFM_StRS_2019_SE1902_MHI_LAN_LAN-1818_IMG_1300.JPG,"93,94",21,"40,41",19,"17,18",21,"27,28",20,,,0.25,Canon SL2,18mm,N,N
2019,MHI,LAN,SE1902,LAN-1819,4/26/2019,20.74559,-156.977,3x20m,1478,NCRMP_SFM_StRS_2019_SE1902_MHI_LAN_LAN-1819_IMG_0001.JPG,NCRMP_SFM_StRS_2019_SE1902_MHI_LAN_LAN-1819_IMG_1478.JPG,"63,64",42,"33,34",42,"27,28",44,"10,11",44,,,0.5,Canon SL2,18mm,N,N
2019,MHI,LAN,SE1902,LAN-1823,7/20/2019,20.865607,-157.037924,3x20m,1390,NCRMP_SFM_StRS_2019_SE1902_MHI_LAN_LAN-1823_IMG_0001.JPG,NCRMP_SFM_StRS_2019_SE1902_MHI_LAN_LAN-1823_IMG_1390.JPG,"17,18",11,"27,28",11,"40,41",12,"93,94",12,,,0.25,Canon SL2,18mm,N,N
2019,MHI,LAN,SE1902,LAN-1829,7/10/2019,20.86009,-156.832,3x20m,1036,NCRMP_SFM_StRS_2019_SE1902_MHI_LAN_LAN-1829_IMG_0002.JPG,NCRMP_SFM_StRS_2019_SE1902_MHI_LAN_LAN-1829_IMG_1037.JPG,"8,9",12,"93,94",11,"40,41",9,"17,18",10,,,0.25,Canon SL2,18mm,N,N
2019,MHI,LAN,SE1902,LAN-2008,7/20/2019,20.73344,-156.9469,3x20m,1084,NCRMP_SFM_StRS_2019_SE1902_MHI_LAN_LAN-2008_IMG_0001.JPG,NCRMP_SFM_StRS_2019_SE1902_MHI_LAN_LAN-2008_IMG_1084.JPG,"10,11",69,,,,,,,"21,22",71,0.25,Canon SL2,18mm,N,N
2019,MHI,LAN,SE1902,LAN-2021,7/10/2019,20.78301,-156.8181,3x20m,1858,NCRMP_SFM_StRS_2019_SE1902_MHI_LAN_LAN-2021_IMG_0001.JPG,NCRMP_SFM_StRS_2019_SE1902_MHI_LAN_LAN-2021_IMG_1858.JPG,"10,11",42,,,,,,,"21,22",42,0.25,Canon SL2,18mm,Y,N
2019,MHI,LAN,SE1902,LAN-2023,7/10/2019,20.75811,-156.8388,3x20m,1329,NCRMP_SFM_StRS_2019_SE1902_MHI_LAN_LAN-2023_IMG_0001.JPG,NCRMP_SFM_StRS_2019_SE1902_MHI_LAN_LAN-2023_IMG_1329.JPG,"10,11",25,,,,,,,"21,22",26,0.25,Canon SL2,18mm,N,N
2019,MHI,LAN,SE1902,LAN-2034,7/20/2019,20.78819,-156.9918,3x20m,1471,NCRMP_SFM_StRS_2019_SE1902_MHI_LAN_LAN-2034_IMG_0001.JPG,NCRMP_SFM_StRS_2019_SE1902_MHI_LAN_LAN-2034_IMG_1471.JPG,"10,11",56,,,,,,,"21,22",57,0.25,Canon SL2,18mm,N,N
2019,MHI,LAN,SE1902,LAN-2036,7/20/2019,20.81712,-156.9882,3x20m,1193,NCRMP_SFM_StRS_2019_SE1902_MHI_LAN_LAN-2036_IMG_0001.JPG,NCRMP_SFM_StRS_2019_SE1902_MHI_LAN_LAN-2036_IMG_1193.JPG,"10,11",31,,,,,,,"21,22",30,0.25,Canon SL2,18mm,N,N
2019,MHI,LAN,SE1902,LAN-2053,7/10/2019,20.75753,-156.8408,3x20m,1445,NCRMP_SFM_StRS_2019_SE1902_MHI_LAN_LAN-2053_IMG_0001.JPG,NCRMP_SFM_StRS_2019_SE1902_MHI_LAN_LAN-2053_IMG_1445.JPG,"10,11",18,,,,,,,"21,22",20,0.25,Canon SL2,18mm,N,N
2019,MHI,LAN,SE1902,LAN-2060,7/20/2019,20.84686,-157.0056,3x20m,1654,NCRMP_SFM_StRS_2019_SE1902_MHI_LAN_LAN-2060_IMG_0001.JPG,NCRMP_SFM_StRS_2019_SE1902_MHI_LAN_LAN-2060_IMG_1654.JPG,"10,11",18,,,,,,,"21,22",16,0.25,Canon SL2,18mm,Y,N
2019,MHI,LAN,SE1902,LAN-2062,7/20/2019,20.86585,-157.0384,3x20m,1551,NCRMP_SFM_StRS_2019_SE1902_MHI_LAN_LAN-2062_IMG_0001.JPG,NCRMP_SFM_StRS_2019_SE1902_MHI_LAN_LAN-2062_IMG_1551.JPG,"10,11",14,,,,,,,"21,22",13,0.25,Canon SL2,18mm,Y,N
2019,MHI,LAN,SE1902,LAN-2065,7/29/2019,20.816224,-156.80253,3x20m,1461,NCRMP_SFM_StRS_2019_SE1902_MHI_LAN_LAN-2065_IMG_0001.JPG,NCRMP_SFM_StRS_2019_SE1902_MHI_LAN_LAN-2065_IMG_1461.JPG,"10,11",25,,,,,,,"21,22",24,0.25,Canon SL2,18mm,N,N
2019,MHI,LAN,SE1902,LAN-2066,7/10/2019,20.74258,-156.8758,3x20m,1558,NCRMP_SFM_StRS_2019_SE1902_MHI_LAN_LAN-2066_IMG_0001.JPG,NCRMP_SFM_StRS_2019_SE1902_MHI_LAN_LAN-2066_IMG_1558.JPG,"10,11",28,,,,,,,"21,22",27,0.25,Canon SL2,18mm,Y,N
2019,MHI,LAN,SE1902,LAN-2068,7/29/2019,20.832792,-156.80626,3x20m,1171,NCRMP_SFM_StRS_2019_SE1902_MHI_LAN_LAN-2068_IMG_0001.JPG,NCRMP_SFM_StRS_2019_SE1902_MHI_LAN_LAN-2068_IMG_1171.JPG,"10,11",53,,,,,,,"21,22",53,0.25,Canon SL2,18mm,Y,N
2019,MHI,MAI,SE1902,MAI-2332,4/23/2019,20.716509,-156.459365,3x20m,1080,NCRMP_SFM_StRS_2019_SE1902_MHI_MAI_MAI-2332_IMG_0001.JPG,NCRMP_SFM_StRS_2019_SE1902_MHI_MAI_MAI-2332_IMG_1080.JPG,"10,11",82,,,,,,,"63,64",78,0.5,Canon SL2,18mm,Y,N
2019,MHI,MAI,SE1902,MAI-2337,4/24/2019,20.77455,-156.539046,3x20m,1264,NCRMP_SFM_StRS_2019_SE1902_MHI_MAI_MAI-2337_IMG_0001.JPG,NCRMP_SFM_StRS_2019_SE1902_MHI_MAI_MAI-2337_IMG_1264.JPG,"10,11",61,,,,,,,"63,64",63,0.5,Canon SL2,18mm,N,N
2019,MHI,MAI,SE1902,MAI-2341,4/23/2019,20.666778,-156.445006,3x20m,1058,NCRMP_SFM_StRS_2019_SE1902_MHI_MAI_MAI-2341_IMG_0001.JPG,NCRMP_SFM_StRS_2019_SE1902_MHI_MAI_MAI-2341_IMG_1058.JPG,"10,11",24,,,,,,,"63,64",26,0.5,Canon SL2,18mm,N,N
2019,MHI,MAI,SE1902,MAI-2343,4/24/2019,20.814817,-156.630565,3x20m,1425,NCRMP_SFM_StRS_2019_SE1902_MHI_MAI_MAI-2343_IMG_0001.JPG,NCRMP_SFM_StRS_2019_SE1902_MHI_MAI_MAI-2343_IMG_1425.JPG,"10,11",32,,,,,,,"63,64",32,0.5,Canon SL2,18mm,N,N
2019,MHI,MAI,SE1902,MAI-2344,4/24/2019,20.803854,-156.622078,3x20m,1367,NCRMP_SFM_StRS_2019_SE1902_MHI_MAI_MAI-2344_IMG_0001.JPG,NCRMP_SFM_StRS_2019_SE1902_MHI_MAI_MAI-2344_IMG_1367.JPG,"8,9",39,,,,,,,"21,22",42,0.5,Canon SL2,18mm,N,N
2019,MHI,MAI,SE1902,MAI-2349,4/24/2019,20.791072,-156.579717,3x20m,2088,NCRMP_SFM_StRS_2019_SE1902_MHI_MAI_MAI-2349_IMG_0001.JPG,NCRMP_SFM_StRS_2019_SE1902_MHI_MAI_MAI-2349_IMG_2088.JPG,"10,11",13,,,,,,,"63,64",10,0.5,Canon SL2,18mm,Y,N
2019,MHI,MAI,SE1902,MAI-2350,4/23/2019,20.62254,-156.44349,3x15m,764,NCRMP_SFM_StRS_2019_SE1902_MHI_MAI_MAI-2350_IMG_0001.JPG,NCRMP_SFM_StRS_2019_SE1902_MHI_MAI_MAI-2350_IMG_0764.JPG,"10,11",20,,,,,,,"63,64",19,0.5,Canon SL2,18mm,N,N
2019,MHI,MAI,SE1902,MAI-2352,4/24/2019,20.797618,-156.591021,3x20m,1360,NCRMP_SFM_StRS_2019_SE1902_MHI_MAI_MAI-2352_IMG_0001.JPG,NCRMP_SFM_StRS_2019_SE1902_MHI_MAI_MAI-2352_IMG_1360.JPG,"8,9",9,,,,,,,"21,22",13,0.5,Canon SL2,18mm,Y,N
2019,MHI,MAI,SE1902,MAI-2354,4/23/2019,20.74858,-156.462764,3x20m,1454,NCRMP_SFM_StRS_2019_SE1902_MHI_MAI_MAI-2354_IMG_0001.JPG,NCRMP_SFM_StRS_2019_SE1902_MHI_MAI_MAI-2354_IMG_1454.JPG,"10,11",12,,,,,,,"63,64",11,0.5,Canon SL2,18mm,N,N
2019,MHI,MAI,SE1902,MAI-2362,4/21/2019,20.909517,-156.695804,3x20m,1165,NCRMP_SFM_StRS_2019_SE1902_MHI_MAI_MAI-2362_IMG_0001.JPG,NCRMP_SFM_StRS_2019_SE1902_MHI_MAI_MAI-2362_IMG_1165.JPG,"10,11",44,,,,,,,"63,64",44,0.5,Canon SL2,18mm,Y,N
2019,MHI,MAI,SE1902,MAI-2363,4/21/2019,20.877748,-156.69075,3x20m,1280,NCRMP_SFM_StRS_2019_SE1902_MHI_MAI_MAI-2363_IMG_0001.JPG,NCRMP_SFM_StRS_2019_SE1902_MHI_MAI_MAI-2363_IMG_1280.JPG,"10,11",61,,,,,,,"63,64",61,0.5,Canon SL2,18mm,N,N
2019,MHI,MAI,SE1902,MAI-2374,4/22/2019,20.858933,-156.674478,3x20m,1207,NCRMP_SFM_StRS_2019_SE1902_MHI_MAI_MAI-2374_IMG_0001.JPG,NCRMP_SFM_StRS_2019_SE1902_MHI_MAI_MAI-2374_IMG_1207.JPG,"10,11",50,,,,,,,"63,64",48,0.5,Canon SL2,18mm,N,N
2019,MHI,MAI,SE1902,MAI-2381,4/22/2019,20.971675,-156.687438,3x20m,1018,NCRMP_SFM_StRS_2019_SE1902_MHI_MAI_MAI-2381_IMG_0001.JPG,NCRMP_SFM_StRS_2019_SE1902_MHI_MAI_MAI-2381_IMG_1018.JPG,"10,11",62,,,,,,,"63,64",62,0.5,Canon SL2,18mm,N,N
2019,MHI,MAI,SE1902,MAI-2383,4/22/2019,20.832417,-156.644228,3x20m,1067,NCRMP_SFM_StRS_2019_SE1902_MHI_MAI_MAI-2383_IMG_0001.JPG,NCRMP_SFM_StRS_2019_SE1902_MHI_MAI_MAI-2383_IMG_1067.JPG,"10,11",19,,,,,,,"63,64",21,0.5,Canon SL2,18mm,N,N
2019,MHI,MAI,SE1902,MAI-2384,4/27/2019,20.805168,-156.023781,3x20m,1001,NCRMP_SFM_StRS_2019_SE1902_MHI_MAI_MAI-2384_IMG_0001.JPG,NCRMP_SFM_StRS_2019_SE1902_MHI_MAI_MAI-2384_IMG_1001.JPG,"8,9",74,,,,,,,"21,22",76,0.5,Canon SL2,18mm,N,N
2019,MHI,MAI,SE1902,MAI-2385,4/22/2019,20.952063,-156.69434,3x20m,1244,NCRMP_SFM_StRS_2019_SE1902_MHI_MAI_MAI-2385_IMG_0001.JPG,NCRMP_SFM_StRS_2019_SE1902_MHI_MAI_MAI-2385_IMG_1244.JPG,"10,11",64,,,,,,,"63,64",65,0.5,Canon SL2,18mm,N,N
2019,MHI,MAI,SE1902,MAI-2387,4/21/2019,20.971893,-156.682558,3x20m,1118,NCRMP_SFM_StRS_2019_SE1902_MHI_MAI_MAI-2387_IMG_0001.JPG,NCRMP_SFM_StRS_2019_SE1902_MHI_MAI_MAI-2387_IMG_1118.JPG,"10,11",30,,,,,,,"63,64",32,0.5,Canon SL2,18mm,N,N
2019,MHI,MAI,SE1902,MAI-2392,4/27/2019,20.914341,-156.224995,3x20m,933,NCRMP_SFM_StRS_2019_SE1902_MHI_MAI_MAI-2392_IMG_0001.JPG,NCRMP_SFM_StRS_2019_SE1902_MHI_MAI_MAI-2392_IMG_0933.JPG,"8,9",36,,,,,,,"21,22",37,0.5,Canon SL2,18mm,N,N
2019,MHI,MAI,SE1902,MAI-2394,4/27/2019,20.853923,-156.125412,3x20m,1043,NCRMP_SFM_StRS_2019_SE1902_MHI_MAI_MAI-2394_IMG_0001.JPG,NCRMP_SFM_StRS_2019_SE1902_MHI_MAI_MAI-2394_IMG_1043.JPG,"8,9",50,,,,,,,"21,22",52,0.5,Canon SL2,18mm,N,N
2019,MHI,MAI,SE1902,MAI-2396,4/27/2019,20.824815,-156.074853,3x20m,885,NCRMP_SFM_StRS_2019_SE1902_MHI_MAI_MAI-2396_IMG_0001.JPG,NCRMP_SFM_StRS_2019_SE1902_MHI_MAI_MAI-2396_IMG_0885.JPG,"8,9",62,,,,,,,"21,22",60,0.5,Canon SL2,18mm,Y,N
2019,MHI,MAI,SE1902,MAI-2437,4/24/2019,20.786803,-156.564417,3x20m,1073,NCRMP_SFM_StRS_2019_SE1902_MHI_MAI_MAI-2437_IMG_0001.JPG,NCRMP_SFM_StRS_2019_SE1902_MHI_MAI_MAI-2437_IMG_1073.JPG,"8,9",65,,,,,,,"21,22",69,0.5,Canon SL2,18mm,N,N
2019,MHI,MAI,SE1902,MAI-2439,4/24/2019,20.800761,-156.600044,3x20m,1632,NCRMP_SFM_StRS_2019_SE1902_MHI_MAI_MAI-2439_IMG_0001.JPG,NCRMP_SFM_StRS_2019_SE1902_MHI_MAI_MAI-2439_IMG_1632.JPG,"10,11",43,,,,,,,"63,64",42,0.5,Canon SL2,18mm,N,N
2019,MHI,MAI,SE1902,MAI-2444,4/24/2019,20.807247,-156.613741,3x20m,1278,NCRMP_SFM_StRS_2019_SE1902_MHI_MAI_MAI-2444_IMG_0001.JPG,NCRMP_SFM_StRS_2019_SE1902_MHI_MAI_MAI-2444_IMG_1278.JPG,"8,9",5,,,,,,,"21,22",6,0.5,Canon SL2,18mm,N,N
2019,MHI,MAI,SE1902,MAI-2459,4/24/2019,20.78235,-155.991,3x15m,1295,NCRMP_SFM_StRS_2019_SE1902_MHI_MAI_MAI-2459_IMG_0001.JPG,NCRMP_SFM_StRS_2019_SE1902_MHI_MAI_MAI-2459_IMG_1295.JPG,"27,28",70,"40,41",70,"57,58",70,,,,,0.5,Canon SL2,18mm,N,N
2019,MHI,MAI,SE1902,MAI-2461,4/23/2019,20.76685,-156.479,3x13m,1289,NCRMP_SFM_StRS_2019_SE1902_MHI_MAI_MAI-2461_IMG_0001.JPG,NCRMP_SFM_StRS_2019_SE1902_MHI_MAI_MAI-2461_IMG_1289.JPG,"21,22",73,"8,9",73,"11,12",76,,,,,0.5,Canon SL2,18mm,N,N
2019,MHI,MAI,SE1902,MAI-2466,4/23/2019,20.72935,-156.465,3x13m,850,NCRMP_SFM_StRS_2019_SE1902_MHI_MAI_MAI-2466_IMG_0001.JPG,NCRMP_SFM_StRS_2019_SE1902_MHI_MAI_MAI-2466_IMG_0850.JPG,"57,58",66,"27,28",66,"33,34",65,,,,,0.5,Canon SL2,18mm,N,N
2019,MHI,MAI,SE1902,MAI-2481,4/23/2019,20.76735,-156.481,3x20m,1931,NCRMP_SFM_StRS_2019_SE1902_MHI_MAI_MAI-2481_IMG_0001.JPG,NCRMP_SFM_StRS_2019_SE1902_MHI_MAI_MAI-2481_IMG_1931.JPG,"11,12",53,"21,22",53,"8,9",53,"19,20",53,,,0.5,Canon SL2,18mm,N,N
2019,MHI,MAI,SE1902,MAI-2483,4/24/2019,20.78835,-156.001,3x20m,1875,NCRMP_SFM_StRS_2019_SE1902_MHI_MAI_MAI-2483_IMG_0001.JPG,NCRMP_SFM_StRS_2019_SE1902_MHI_MAI_MAI-2483_IMG_1875.JPG,"40,41",54,"33,34",52,"27,28",52,"57,58",55,,,0.5,Canon SL2,18mm,N,N
2019,MHI,MAI,SE1902,MAI-2489,4/23/2019,20.70335,-156.452,3x20m,1374,NCRMP_SFM_StRS_2019_SE1902_MHI_MAI_MAI-2489_IMG_0001.JPG,NCRMP_SFM_StRS_2019_SE1902_MHI_MAI_MAI-2489_IMG_1374.JPG,"40,41",37,"57,58",36,"27,28",39,"33,34",38,,,0.5,Canon SL2,18mm,N,N
2019,MHI,MAI,SE1902,MAI-2502,4/24/2019,20.80885,-156.622,3x20m,2010,NCRMP_SFM_StRS_2019_SE1902_MHI_MAI_MAI-2502_IMG_0001.JPG,NCRMP_SFM_StRS_2019_SE1902_MHI_MAI_MAI-2502_IMG_2010.JPG,"40,41",15,"33,34",15,"27,28",14,"57,58",15,,,0.5,Canon SL2,18mm,Y,N
2019,MHI,MAI,SE1902,MAI-2505,4/23/2019,20.63135,-156.448,3x20m,1284,NCRMP_SFM_StRS_2019_SE1902_MHI_MAI_MAI-2505_IMG_0001.JPG,NCRMP_SFM_StRS_2019_SE1902_MHI_MAI_MAI-2505_IMG_1284.JPG,"40,41",14,"33,34",14,"57,58",15,"27,28",15,,,0.5,Canon SL2,18mm,N,N
2019,MHI,MAI,SE1902,MAI-2515,4/21/2019,20.97685,-156.687,3x13m,970,NCRMP_SFM_StRS_2019_SE1902_MHI_MAI_MAI-2515_IMG_0001.JPG,NCRMP_SFM_StRS_2019_SE1902_MHI_MAI_MAI-2515_IMG_0970.JPG,"57,58",80,"21,22",80,"8,9",79,,,,,0.5,Canon SL2,18mm,N,N
2019,MHI,MAI,SE1902,MAI-2520,4/22/2019,20.91335,-156.701,3x13m,1261,NCRMP_SFM_StRS_2019_SE1902_MHI_MAI_MAI-2520_IMG_0001.JPG,NCRMP_SFM_StRS_2019_SE1902_MHI_MAI_MAI-2520_IMG_1261.JPG,"19,20",74,"21,22",74,"8,9",77,,,,,0.5,Canon SL2,18mm,N,N
2019,MHI,MAI,SE1902,MAI-2527,4/21/2019,20.91285,-156.697,3x20m,2449,NCRMP_SFM_StRS_2019_SE1902_MHI_MAI_MAI-2527_IMG_0001.JPG,NCRMP_SFM_StRS_2019_SE1902_MHI_MAI_MAI-2527_IMG_2450.JPG,"40,41",26,"21,22",27,"8,9",25,"57,58",26,,,0.5,Canon SL2,18mm,Y,N
2019,MHI,MAI,SE1902,MAI-2529,4/22/2019,20.90885,-156.691,3x20m,1244,NCRMP_SFM_StRS_2019_SE1902_MHI_MAI_MAI-2529_IMG_0001.JPG,NCRMP_SFM_StRS_2019_SE1902_MHI_MAI_MAI-2529_IMG_1244.JPG,"33,34",27,"27,28",27,"40,41",27,"57,58",26,,,0.5,Canon SL2,18mm,N,N
2019,MHI,MAI,SE1902,MAI-2530,4/22/2019,20.84135,-156.657,3x20m,1178,NCRMP_SFM_StRS_2019_SE1902_MHI_MAI_MAI-2530_IMG_0001.JPG,NCRMP_SFM_StRS_2019_SE1902_MHI_MAI_MAI-2530_IMG_1178.JPG,"27,28",37,"33,34",38,"40,41",39,"57,58",39,,,0.5,Canon SL2,18mm,N,N
2019,MHI,MAI,SE1902,MAI-2532,4/22/2019,20.87835,-156.691,3x20m,2058,NCRMP_SFM_StRS_2019_SE1902_MHI_MAI_MAI-2532_IMG_0001.JPG,NCRMP_SFM_StRS_2019_SE1902_MHI_MAI_MAI-2532_IMG_2058.JPG,"11,12",48,"8,9",48,"21,22",47,"19,20",47,,,0.5,Canon SL2,18mm,N,N
2019,MHI,MAI,SE1902,MAI-2534,4/22/2019,20.89235,-156.686,3x20m,2227,NCRMP_SFM_StRS_2019_SE1902_MHI_MAI_MAI-2534_IMG_0001.JPG,NCRMP_SFM_StRS_2019_SE1902_MHI_MAI_MAI-2534_IMG_2228.JPG,"27,28",10,"33,34",10,"57,58",10,"40,41",9,,,0.5,Canon SL2,18mm,N,N
2019,MHI,MAI,SE1902,MAI-2537,4/21/2019,20.87685,-156.685,3x20m,2204,NCRMP_SFM_StRS_2019_SE1902_MHI_MAI_MAI-2537_IMG_0001.JPG,NCRMP_SFM_StRS_2019_SE1902_MHI_MAI_MAI-2537_IMG_2204.JPG,"40,41",14,"57,58",13,"21,22",15,"8,9",14,,,0.5,Canon SL2,18mm,N,N
2019,MHI,MAI,SE1902,MAI-2541,4/22/2019,20.91585,-156.698,3x20m,3051,NCRMP_SFM_StRS_2019_SE1902_MHI_MAI_MAI-2541_IMG_0001.JPG,NCRMP_SFM_StRS_2019_SE1902_MHI_MAI_MAI-2541_IMG_3051.JPG,"19,20",17,"8,9",14,"11,12",13,"21,22",12,,,0.5,Canon SL2,18mm,Y,N
2019,MHI,MAI,SE1902,MAI-2543,4/22/2019,20.86185,-156.674,3x20m,2542,NCRMP_SFM_StRS_2019_SE1902_MHI_MAI_MAI-2543_IMG_0001.JPG,NCRMP_SFM_StRS_2019_SE1902_MHI_MAI_MAI-2543_IMG_2542.JPG,"33,34",12,"27,28",13,"40,41",16,"57,58",17,,,0.5,Canon SL2,18mm,Y,N
2019,MHI,MAI,SE1902,MAI-2544,4/27/2019,20.85235,-156.121,3x13m,677,NCRMP_SFM_StRS_2019_SE1902_MHI_MAI_MAI-2544_IMG_0001.JPG,NCRMP_SFM_StRS_2019_SE1902_MHI_MAI_MAI-2544_IMG_0677.JPG,,,"40,41",80,"57,58",81,,,,,0.5,Canon SL2,18mm,N,N
2019,MHI,MAI,SE1902,MAI-2546,4/27/2019,20.90685,-156.208,3x20m,1253,NCRMP_SFM_StRS_2019_SE1902_MHI_MAI_MAI-2546_IMG_0001.JPG,NCRMP_SFM_StRS_2019_SE1902_MHI_MAI_MAI-2546_IMG_1253.JPG,"40,41",47,"57,58",48,"10,11",46,"63,64",42,,,0.5,Canon SL2,18mm,Y,N
2019,MHI,MAI,SE1902,MAI-2567,4/27/2019,20.86185,-156.134,3x20m,1196,NCRMP_SFM_StRS_2019_SE1902_MHI_MAI_MAI-2567_IMG_0001.JPG,NCRMP_SFM_StRS_2019_SE1902_MHI_MAI_MAI-2567_IMG_1196.JPG,"10,11",47,"63,64",47,"40,41",47,"57,58",46,,,0.5,Canon SL2,18mm,Y,N
2019,MHI,MAI,SE1902,MAI-2586,4/27/2019,20.89585,-156.198,3x20m,1449,NCRMP_SFM_StRS_2019_SE1902_MHI_MAI_MAI-2586_IMG_0001.JPG,NCRMP_SFM_StRS_2019_SE1902_MHI_MAI_MAI-2586_IMG_1449.JPG,"10,11",19,"63,64",24,"40,41",18,"57,58",17,,,0.5,Canon SL2,18mm,Y,N
2019,MHI,MAI,SE1902,MAI-2664,8/6/2019,20.629946,-156.111358,3x13m,683,NCRMP_SFM_StRS_2019_SE1902_MHI_MAI_MAI-2664_IMG_0001.JPG,NCRMP_SFM_StRS_2019_SE1902_MHI_MAI_MAI-2664_IMG_0683.JPG,"63,64",64,"27,28",62,"57,58",63,,,,,0.25,Canon SL2,18mm,N,N
2019,MHI,MAI,SE1902,MAI-2666,8/6/2019,20.593871,-156.272201,3x13m,1257,NCRMP_SFM_StRS_2019_SE1902_MHI_MAI_MAI-2666_IMG_0001.JPG,NCRMP_SFM_StRS_2019_SE1902_MHI_MAI_MAI-2666_IMG_1257.JPG,"40,41",64,"17,18",61,"93,94",63,,,,,0.25,Canon SL2,18mm,Y,N
2019,MHI,MAI,SE1902,MAI-2685,8/6/2019,20.606902,-156.241445,3x20m,1070,NCRMP_SFM_StRS_2019_SE1902_MHI_MAI_MAI-2685_IMG_0001.JPG,NCRMP_SFM_StRS_2019_SE1902_MHI_MAI_MAI-2685_IMG_1070.JPG,"57,58",53,"63,64",52,"74,75",53,"27,28",52,,,0.25,Canon SL2,18mm,Y,N
2019,MHI,MAI,SE1902,MAI-2686,8/6/2019,20.582409,-156.305525,3x20m,1448,NCRMP_SFM_StRS_2019_SE1902_MHI_MAI_MAI-2686_IMG_0001.JPG,NCRMP_SFM_StRS_2019_SE1902_MHI_MAI_MAI-2686_IMG_1448.JPG,"57,58",20,"63,64",19,"27,28",19,"74,75",19,,,0.25,Canon SL2,18mm,Y,N
2019,MHI,MAI,SE1902,MAI-2706,8/6/2019,20.626842,-156.117587,3x20m,1177,NCRMP_SFM_StRS_2019_SE1902_MHI_MAI_MAI-2706_IMG_0001.JPG,NCRMP_SFM_StRS_2019_SE1902_MHI_MAI_MAI-2706_IMG_1177.JPG,"40,41",52,"17,18",53,"93,94",52,"8,9",54,,,0.25,Canon SL2,18mm,N,N
2019,MHI,MAI,SE1902,MAI-2709,8/6/2019,20.593114,-156.279849,3x20m,1174,NCRMP_SFM_StRS_2019_SE1902_MHI_MAI_MAI-2709_IMG_0001.JPG,NCRMP_SFM_StRS_2019_SE1902_MHI_MAI_MAI-2709_IMG_1174.JPG,"93,94",15,"17,18",15,"40,41",19,"8,9",21,,,0.25,Canon SL2,18mm,Y,N
2019,MHI,MOL,SE1902,MOL-2149,4/29/2019,21.170015,-156.912978,3x20m,992,NCRMP_SFM_StRS_2019_SE1902_MHI_MOL_MOL-2149_IMG_0001.JPG,NCRMP_SFM_StRS_2019_SE1902_MHI_MOL_MOL-2149_IMG_0992.JPG,"8,9",65,,,,,,,"21,22",67,0.5,Canon SL2,18mm,N,N
2019,MHI,MOL,SE1902,MOL-2153,4/28/2019,21.176712,-156.740678,3x20m,956,NCRMP_SFM_StRS_2019_SE1902_MHI_MOL_MOL-2153_IMG_0001.JPG,NCRMP_SFM_StRS_2019_SE1902_MHI_MOL_MOL-2153_IMG_0956.JPG,"8,9",67,,,,,,,"21,22",65,0.5,Canon SL2,18mm,Y,N
2019,MHI,MOL,SE1902,MOL-2158,4/28/2019,21.170263,-156.82448,3x20m,948,NCRMP_SFM_StRS_2019_SE1902_MHI_MOL_MOL-2158_IMG_0001.JPG,NCRMP_SFM_StRS_2019_SE1902_MHI_MOL_MOL-2158_IMG_0948.JPG,"8,9",28,,,,,,,"21,22",25,0.5,Canon SL2,18mm,N,N
2019,MHI,MOL,SE1902,MOL-2173,5/3/2019,21.040509,-156.840016,3x20m,1533,NCRMP_SFM_StRS_2019_SE1902_MHI_MOL_MOL-2173_IMG_0001.JPG,NCRMP_SFM_StRS_2019_SE1902_MHI_MOL_MOL-2173_IMG_1533.JPG,"8,9",51,,,,,,,"21,22",50,0.5,Canon SL2,18mm,N,N
2019,MHI,MOL,SE1902,MOL-2175,5/2/2019,21.059528,-156.965946,3x20m,1435,NCRMP_SFM_StRS_2019_SE1902_MHI_MOL_MOL-2175_IMG_0001.JPG,NCRMP_SFM_StRS_2019_SE1902_MHI_MOL_MOL-2175_IMG_1435.JPG,"8,9",32,,,,,,,"21,22",35,0.5,Canon SL2,18mm,N,N
2019,MHI,MOL,SE1902,MOL-2183,5/2/2019,21.087038,-157.082317,3x20m,1526,NCRMP_SFM_StRS_2019_SE1902_MHI_MOL_MOL-2183_IMG_0001.JPG,NCRMP_SFM_StRS_2019_SE1902_MHI_MOL_MOL-2183_IMG_1526.JPG,"8,9",8,,,,,,,"21,22",12,0.5,Canon SL2,18mm,N,N
2019,MHI,MOL,SE1902,MOL-2194,4/29/2019,21.18744,-157.011,3x13m,1047,NCRMP_SFM_StRS_2019_SE1902_MHI_MOL_MOL-2194_IMG_0001.JPG,NCRMP_SFM_StRS_2019_SE1902_MHI_MOL_MOL-2194_IMG_1047.JPG,"40,41",68,"57,58",69,"10,11",67,,,,,0.5,Canon SL2,18mm,N,N
2019,MHI,MOL,SE1902,MOL-2197,4/29/2019,21.20294,-156.987,3x20m,1342,NCRMP_SFM_StRS_2019_SE1902_MHI_MOL_MOL-2197_IMG_0001.JPG,NCRMP_SFM_StRS_2019_SE1902_MHI_MOL_MOL-2197_IMG_1342.JPG,"40,41",51,"57,58",51,"10,11",50,"63,64",54,,,0.5,Canon SL2,18mm,Y,N
2019,MHI,MOL,SE1902,MOL-2201,5/1/2019,21.11971,-157.303971,3x20m,1363,NCRMP_SFM_StRS_2019_SE1902_MHI_MOL_MOL-2201_IMG_0001.JPG,NCRMP_SFM_StRS_2019_SE1902_MHI_MOL_MOL-2201_IMG_1363.JPG,"8,9",37,,,,,,,"21,22",36,0.5,Canon SL2,18mm,Y,N
2019,MHI,MOL,SE1902,MOL-2209,5/1/2019,21.16693,-157.28235,3x20m,972,NCRMP_SFM_StRS_2019_SE1902_MHI_MOL_MOL-2209_IMG_0001.JPG,NCRMP_SFM_StRS_2019_SE1902_MHI_MOL_MOL-2209_IMG_0972.JPG,"8,9",76,,,,,,,"21,22",77,0.5,Canon SL2,18mm,N,N
2019,MHI,MOL,SE1902,MOL-2212,5/1/2019,21.189509,-157.257448,3x20m,1021,NCRMP_SFM_StRS_2019_SE1902_MHI_MOL_MOL-2212_IMG_0001.JPG,NCRMP_SFM_StRS_2019_SE1902_MHI_MOL_MOL-2212_IMG_1021.JPG,"8,9",47,,,,,,,"21,22",48,0.5,Canon SL2,18mm,N,N
2019,MHI,MOL,SE1902,MOL-2214,5/1/2019,21.082637,-157.234858,3x20m,1285,NCRMP_SFM_StRS_2019_SE1902_MHI_MOL_MOL-2214_IMG_0001.JPG,NCRMP_SFM_StRS_2019_SE1902_MHI_MOL_MOL-2214_IMG_1285.JPG,"8,9",17,,,,,,,"21,22",16,0.5,Canon SL2,18mm,N,N
2019,MHI,MOL,SE1902,MOL-2215,5/1/2019,21.089952,-157.285276,3x20m,1428,NCRMP_SFM_StRS_2019_SE1902_MHI_MOL_MOL-2215_IMG_0001.JPG,NCRMP_SFM_StRS_2019_SE1902_MHI_MOL_MOL-2215_IMG_1428.JPG,"8,9",17,,,,,,,"21,22",17,0.5,Canon SL2,18mm,N,N
2019,MHI,MOL,SE1902,MOL-2221,4/28/2019,21.18044,-156.77,3x13m,764,NCRMP_SFM_StRS_2019_SE1902_MHI_MOL_MOL-2221_IMG_0001.JPG,NCRMP_SFM_StRS_2019_SE1902_MHI_MOL_MOL-2221_IMG_0764.JPG,"10,11",74,"57,58",75,"40,41",73,,,,,0.5,Canon SL2,18mm,N,N
2019,MHI,MOL,SE1902,MOL-2227,4/28/2019,21.17694,-156.776,3x20m,1235,NCRMP_SFM_StRS_2019_SE1902_MHI_MOL_MOL-2227_IMG_0001.JPG,NCRMP_SFM_StRS_2019_SE1902_MHI_MOL_MOL-2227_IMG_1235.JPG,"10,11",38,"63,64",38,"57,58",38,"40,41",38,,,0.5,Canon SL2,18mm,Y,N
2019,MHI,MOL,SE1902,MOL-2233,4/28/2019,21.17694,-156.81,3x20m,1246,NCRMP_SFM_StRS_2019_SE1902_MHI_MOL_MOL-2233_IMG_0001.JPG,NCRMP_SFM_StRS_2019_SE1902_MHI_MOL_MOL-2233_IMG_1246.JPG,"10,11",59,"63,64",58,"40,41",58,"57,58",59,,,0.5,Canon SL2,18mm,Y,N
2019,MHI,MOL,SE1902,MOL-2239,4/29/2019,21.19239,-156.95079,3x20m,1534,NCRMP_SFM_StRS_2019_SE1902_MHI_MOL_MOL-2239_IMG_0001.JPG,NCRMP_SFM_StRS_2019_SE1902_MHI_MOL_MOL-2239_IMG_1534.JPG,"8,9",17,,,,,,,"21,22",16,0.5,Canon SL2,18mm,N,N
2019,MHI,MOL,SE1902,MOL-2240,4/29/2019,21.17044,-156.931,3x20m,1713,NCRMP_SFM_StRS_2019_SE1902_MHI_MOL_MOL-2240_IMG_0001.JPG,NCRMP_SFM_StRS_2019_SE1902_MHI_MOL_MOL-2240_IMG_1713.JPG,"63,64",16,"10,11",20,"40,41",20,"58,59",19,,,0.5,Canon SL2,18mm,Y,N
2019,MHI,MOL,SE1902,MOL-2241,4/28/2019,21.161218,-156.706346,3x20m,1376,NCRMP_SFM_StRS_2019_SE1902_MHI_MOL_MOL-2241_IMG_0001.JPG,NCRMP_SFM_StRS_2019_SE1902_MHI_MOL_MOL-2241_IMG_1376.JPG,"8,9",71,,,,,,,"21,22",68,0.5,Canon SL2,18mm,N,N
2019,MHI,MOL,SE1902,MOL-2242,4/28/2019,21.16494,-156.866,3x20m,1336,NCRMP_SFM_StRS_2019_SE1902_MHI_MOL_MOL-2242_IMG_0001.JPG,NCRMP_SFM_StRS_2019_SE1902_MHI_MOL_MOL-2242_IMG_1336.JPG,"40,41",18,"10,11",18,"63,64",19,"57,58",19,,,0.5,Canon SL2,18mm,N,N
2019,MHI,MOL,SE1902,MOL-2245,4/29/2019,21.173522,-156.93772,3x20m,1057,NCRMP_SFM_StRS_2019_SE1902_MHI_MOL_MOL-2245_IMG_0001.JPG,NCRMP_SFM_StRS_2019_SE1902_MHI_MOL_MOL-2245_IMG_1057.JPG,"8,9",25,,,,,,,"21,22",24,0.5,Canon SL2,18mm,N,N
2019,MHI,MOL,SE1902,MOL-2250,4/28/2019,21.17497,-156.774609,3x20m,1274,NCRMP_SFM_StRS_2019_SE1902_MHI_MOL_MOL-2250_IMG_0001.JPG,NCRMP_SFM_StRS_2019_SE1902_MHI_MOL_MOL-2250_IMG_1274.JPG,"8,9",15,,,,,,,"21,22",13,0.5,Canon SL2,18mm,N,N
2019,MHI,MOL,SE1902,MOL-2251,4/28/2019,21.173213,-156.814173,3x20m,1277,NCRMP_SFM_StRS_2019_SE1902_MHI_MOL_MOL-2251_IMG_0001.JPG,NCRMP_SFM_StRS_2019_SE1902_MHI_MOL_MOL-2251_IMG_1277.JPG,"8,9",12,,,,,,,"21,22",18,0.5,Canon SL2,18mm,N,N
2019,MHI,MOL,SE1902,MOL-2253,4/29/2019,21.167498,-156.893253,3x20m,1057,NCRMP_SFM_StRS_2019_SE1902_MHI_MOL_MOL-2253_IMG_0001.JPG,NCRMP_SFM_StRS_2019_SE1902_MHI_MOL_MOL-2253_IMG_1057.JPG,"8,9",38,,,,,,,"21,22",34,0.5,Canon SL2,18mm,N,N
2019,MHI,MOL,SE1902,MOL-2254,5/2/2019,21.04694,-156.94,3x13m,1159,NCRMP_SFM_StRS_2019_SE1902_MHI_MOL_MOL-2254_IMG_0001.JPG,NCRMP_SFM_StRS_2019_SE1902_MHI_MOL_MOL-2254_IMG_1159.JPG,"19,20",66,"33,34",66,"27,28",67,,,,,0.5,Canon SL2,18mm,N,N
2019,MHI,MOL,SE1902,MOL-2255,5/3/2019,21.03944,-156.842,3x20m,2009,NCRMP_SFM_StRS_2019_SE1902_MHI_MOL_MOL-2255_IMG_0001.JPG,NCRMP_SFM_StRS_2019_SE1902_MHI_MOL_MOL-2255_IMG_2009.JPG,"57,58",37,"10,11",37,"40,41",37,"63,64",39,,,0.5,Canon SL2,18mm,Y,N
2019,MHI,MOL,SE1902,MOL-2260,5/2/2019,21.08394,-157.061,3x20m,1411,NCRMP_SFM_StRS_2019_SE1902_MHI_MOL_MOL-2260_IMG_0001.JPG,NCRMP_SFM_StRS_2019_SE1902_MHI_MOL_MOL-2260_IMG_1411.JPG,"40,41",50,"57,58",50,"10,11",48,"63,64",48,,,0.5,Canon SL2,18mm,N,N
2019,MHI,MOL,SE1902,MOL-2263,5/3/2019,21.07894,-156.763,3x20m,1247,NCRMP_SFM_StRS_2019_SE1902_MHI_MOL_MOL-2263_IMG_0001.JPG,NCRMP_SFM_StRS_2019_SE1902_MHI_MOL_MOL-2263_IMG_1247.JPG,"10,11",53,"63,64",53,"40,41",52,"57,58",52,,,0.5,Canon SL2,18mm,N,N
2019,MHI,MOL,SE1902,MOL-2265,5/2/2019,21.07344,-157.027,3x13m,907,NCRMP_SFM_StRS_2019_SE1902_MHI_MOL_MOL-2265_IMG_0001.JPG,NCRMP_SFM_StRS_2019_SE1902_MHI_MOL_MOL-2265_IMG_0907.JPG,"40,41",66,"10,11",67,"57,58",67,,,,,0.5,Canon SL2,18mm,N,N
2019,MHI,MOL,SE1902,MOL-2266,5/2/2019,21.06394,-156.983,3x20m,1520,NCRMP_SFM_StRS_2019_SE1902_MHI_MOL_MOL-2266_IMG_0001.JPG,NCRMP_SFM_StRS_2019_SE1902_MHI_MOL_MOL-2266_IMG_1520.JPG,"33,34",36,"27,28",38,"11,12",37,"19,20",39,,,0.5,Canon SL2,18mm,N,N
2019,MHI,MOL,SE1902,MOL-2275,5/3/2019,21.07494,-156.783,3x20m,1452,NCRMP_SFM_StRS_2019_SE1902_MHI_MOL_MOL-2275_IMG_0001.JPG,NCRMP_SFM_StRS_2019_SE1902_MHI_MOL_MOL-2275_IMG_1452.JPG,"40,41",12,"63,64",11,"10,11",11,"57,58",11,,,0.5,Canon SL2,18mm,N,Y
2019,MHI,MOL,SE1902,MOL-2276,5/3/2019,21.05344,-156.83,3x20m,1487,NCRMP_SFM_StRS_2019_SE1902_MHI_MOL_MOL-2276_IMG_0001.JPG,NCRMP_SFM_StRS_2019_SE1902_MHI_MOL_MOL-2276_IMG_1487.JPG,"63,64",5,"40,41",4,"57,58",5,"10,11",5,,,0.5,Canon SL2,18mm,Y,Y
2019,MHI,MOL,SE1902,MOL-2280,5/2/2019,21.08694,-157.052,3x30m,2910,NCRMP_SFM_StRS_2019_SE1902_MHI_MOL_MOL-2280_IMG_0001.JPG,NCRMP_SFM_StRS_2019_SE1902_MHI_MOL_MOL-2280_IMG_2910.JPG,"27,28",11,"33,34",13,"19,20",12,"11,12",11,,,0.5,Canon SL2,18mm,N,N
2019,MHI,MOL,SE1902,MOL-2283,5/2/2019,21.09444,-157.112,3x20m,1620,NCRMP_SFM_StRS_2019_SE1902_MHI_MOL_MOL-2283_IMG_0001.JPG,NCRMP_SFM_StRS_2019_SE1902_MHI_MOL_MOL-2283_IMG_1620.JPG,"10,11",9,"63,64",11,"40,41",11,"57,58",11,,,0.5,Canon SL2,18mm,N,N
2019,MHI,MOL,SE1902,MOL-2286,5/1/2019,21.07944,-157.284,3x20m,1166,NCRMP_SFM_StRS_2019_SE1902_MHI_MOL_MOL-2286_IMG_0001.JPG,NCRMP_SFM_StRS_2019_SE1902_MHI_MOL_MOL-2286_IMG_1166.JPG,"63,64",68,"40,41",66,"10,11",66,"57,58",66,,,0.5,Canon SL2,18mm,N,N
2019,MHI,MOL,SE1902,MOL-2291,5/1/2019,21.19344,-157.263,3x13m,724,NCRMP_SFM_StRS_2019_SE1902_MHI_MOL_MOL-2291_IMG_0001.JPG,NCRMP_SFM_StRS_2019_SE1902_MHI_MOL_MOL-2291_IMG_0724.JPG,"40,41",81,"57,58",82,"10,11",82,,,,,0.5,Canon SL2,18mm,N,N
2019,MHI,MOL,SE1902,MOL-2300,5/1/2019,21.14744,-157.294,3x20m,1096,NCRMP_SFM_StRS_2019_SE1902_MHI_MOL_MOL-2300_IMG_0001.JPG,NCRMP_SFM_StRS_2019_SE1902_MHI_MOL_MOL-2300_IMG_1096.JPG,"10,11",56,"57,58",55,"40,41",57,"63,64",57,,,0.5,Canon SL2,18mm,Y,N
2019,MHI,MOL,SE1902,MOL-2306,5/1/2019,21.08444,-157.256,3x20m,1293,NCRMP_SFM_StRS_2019_SE1902_MHI_MOL_MOL-2306_IMG_0001.JPG,NCRMP_SFM_StRS_2019_SE1902_MHI_MOL_MOL-2306_IMG_1293.JPG,"40,41",17,"63,64",15,"10,11",15,"57,58",16,,,0.5,Canon SL2,18mm,Y,Y
2019,MHI,MOL,SE1902,MOL-2409,5/3/2019,21.039227,-156.871426,3x20m,1999,NCRMP_SFM_StRS_2019_SE1902_MHI_MOL_MOL-2409_IMG_0001.JPG,NCRMP_SFM_StRS_2019_SE1902_MHI_MOL_MOL-2409_IMG_1999.JPG,"8,9",12,,,,,,,"21,22",15,0.5,Canon SL2,18mm,N,N
2019,MHI,MOL,SE1902,MOL-2471,5/2/2019,21.087035,-157.11162,3x20m,1368,NCRMP_SFM_StRS_2019_SE1902_MHI_MOL_MOL-2471_IMG_0001.JPG,NCRMP_SFM_StRS_2019_SE1902_MHI_MOL_MOL-2471_IMG_1368.JPG,"8,9",49,,,,,,,"21,22",52,0.5,Canon SL2,18mm,N,N
2019,MHI,MOL,SE1902,MOL-2476,5/2/2019,21.070391,-157.016379,3x20m,1094,NCRMP_SFM_StRS_2019_SE1902_MHI_MOL_MOL-2476_IMG_0001.JPG,NCRMP_SFM_StRS_2019_SE1902_MHI_MOL_MOL-2476_IMG_1094.JPG,"8,9",44,,,,,,,"21,22",46,0.5,Canon SL2,18mm,N,N
2019,MHI,MOL,SE1902,MOL-2477,5/3/2019,21.11935,-156.729256,3x20m,1188,NCRMP_SFM_StRS_2019_SE1902_MHI_MOL_MOL-2477_IMG_0001.JPG,NCRMP_SFM_StRS_2019_SE1902_MHI_MOL_MOL-2477_IMG_1188.JPG,"8,9",29,,,,,,,"21,22",27,0.5,Canon SL2,18mm,N,N
2019,MHI,MOL,SE1902,MOL-2488,5/3/2019,21.085928,-156.761524,3x20m,972,NCRMP_SFM_StRS_2019_SE1902_MHI_MOL_MOL-2488_IMG_0001.JPG,NCRMP_SFM_StRS_2019_SE1902_MHI_MOL_MOL-2488_IMG_0972.JPG,"8,9",17,,,,,,,"21,22",16,0.5,Canon SL2,18mm,N,N
2019,MHI,MOL,SE1902,MOL-2489,5/3/2019,21.058004,-156.805411,3x20m,1064,NCRMP_SFM_StRS_2019_SE1902_MHI_MOL_MOL-2489_IMG_0001.JPG,NCRMP_SFM_StRS_2019_SE1902_MHI_MOL_MOL-2489_IMG_1064.JPG,"8,9",15,,,,,,,"21,22",12,0.5,Canon SL2,18mm,N,N
2019,MHI,MOL,SE1902,MOL-2497,5/2/2019,21.081839,-157.0411,3x20m,1694,NCRMP_SFM_StRS_2019_SE1902_MHI_MOL_MOL-2497_IMG_0001.JPG,NCRMP_SFM_StRS_2019_SE1902_MHI_MOL_MOL-2497_IMG_1694.JPG,"8,9",8,,,,,,,"21,22",9,0.5,Canon SL2,18mm,N,N
2019,MHI,NII,SE1902,NII-1897,7/26/2019,21.963943,-159.328262,3x20m,1325,NCRMP_SFM_StRS_2019_SE1902_MHI_NII_NII-1897_IMG_0001.JPG,NCRMP_SFM_StRS_2019_SE1902_MHI_NII_NII-1897_IMG_1325.JPG,"10,11",67,,,,,,,"21,22",67,0.25,Canon SL2,18mm,Y,N
2019,MHI,NII,SE1902,NII-1950,7/26/2019,21.805188,-160.250107,3x20m,1062,NCRMP_SFM_StRS_2019_SE1902_MHI_NII_NII-1950_IMG_0001.JPG,NCRMP_SFM_StRS_2019_SE1902_MHI_NII_NII-1950_IMG_1062.JPG,"10,11",70,,,,,,,"21,22",70,0.25,Canon SL2,18mm,N,N
2019,MHI,NII,SE1902,NII-1977,7/26/2019,21.858576,-160.241301,3x20m,1059,NCRMP_SFM_StRS_2019_SE1902_MHI_NII_NII-1977_IMG_0001.JPG,NCRMP_SFM_StRS_2019_SE1902_MHI_NII_NII-1977_IMG_1059.JPG,"10,11",53,,,,,,,"21,22",53,0.25,Canon SL2,18mm,N,N
2019,MHI,NII,SE1902,NII-1987,7/26/2019,21.781435,-160.21526,3x20m,955,NCRMP_SFM_StRS_2019_SE1902_MHI_NII_NII-1987_IMG_0001.JPG,NCRMP_SFM_StRS_2019_SE1902_MHI_NII_NII-1987_IMG_0955.JPG,"10,11",48,,,,,,,"21,22",48,0.25,Canon SL2,18mm,N,N
2019,MHI,NII,SE1902,NII-2504,7/25/2019,21.930355,-160.069049,3x13m,1552,NCRMP_SFM_StRS_2019_SE1902_MHI_NII_NII-2504_IMG_0001.JPG,NCRMP_SFM_StRS_2019_SE1902_MHI_NII_NII-2504_IMG_1552.JPG,"63,63",76,"3,4",75,"57,58",77,,,,,0.25,Canon SL2,18mm,Y,N
2019,MHI,NII,SE1902,NII-2547,7/25/2019,22.013878,-160.099541,3x20m,2027,NCRMP_SFM_StRS_2019_SE1902_MHI_NII_NII-2547_IMG_0001.JPG,NCRMP_SFM_StRS_2019_SE1902_MHI_NII_NII-2547_IMG_2027.JPG,"27,28",47,"57,58",46,"3,4",47,"63,64",46,,,0.25,Canon SL2,18mm,Y,N
2019,MHI,NII,SE1902,NII-2552,7/25/2019,22.003468,-160.065279,3x20m,2065,NCRMP_SFM_StRS_2019_SE1902_MHI_NII_NII-2552_IMG_0001.JPG,NCRMP_SFM_StRS_2019_SE1902_MHI_NII_NII-2552_IMG_2065.JPG,"63,64",32,"27,28",32,"3,4",31,"57,58",30,,,0.25,Canon SL2,18mm,Y,N
2019,MHI,NII,SE1902,NII-2559,7/25/2019,21.995524,-160.114841,3x20m,2236,NCRMP_SFM_StRS_2019_SE1902_MHI_NII_NII-2559_IMG_0001.JPG,NCRMP_SFM_StRS_2019_SE1902_MHI_NII_NII-2559_IMG_2236.JPG,"27,28",15,"3,4",15,"63,64",15,"57,58",11,,,0.25,Canon SL2,18mm,Y,N
2019,MHI,NII,SE1902,NII-2572,7/26/2019,21.842666,-160.251839,3x13m,1608,NCRMP_SFM_StRS_2019_SE1902_MHI_NII_NII-2572_IMG_0001.JPG,NCRMP_SFM_StRS_2019_SE1902_MHI_NII_NII-2572_IMG_1608.JPG,"40,41",78,"93,94",80,"17,18",76,,,,,0.25,Canon SL2,18mm,Y,N
2019,MHI,NII,SE1902,NII-2580,7/26/2019,21.951717,-160.137183,3x20m,2137,NCRMP_SFM_StRS_2019_SE1902_MHI_NII_NII-2580_IMG_0001.JPG,NCRMP_SFM_StRS_2019_SE1902_MHI_NII_NII-2580_IMG_2137.JPG,"17,18",36,"8,9",38,"40,41",38,"93,94",38,,,0.25,Canon SL2,18mm,N,N
2019,MHI,NII,SE1902,NII-2583,7/26/2019,21.915757,-160.205899,3x20m,1702,NCRMP_SFM_StRS_2019_SE1902_MHI_NII_NII-2583_IMG_0001.JPG,NCRMP_SFM_StRS_2019_SE1902_MHI_NII_NII-2583_IMG_1702.JPG,"8,9",34,"40,41",34,"93,94",35,"17,18",36,,,0.25,Canon SL2,18mm,N,N
2019,MHI,NII,SE1902,NII-2584,7/26/2019,21.88412,-160.237,3x20m,2664,NCRMP_SFM_StRS_2019_SE1902_MHI_NII_NII-2584_IMG_0001.JPG,NCRMP_SFM_StRS_2019_SE1902_MHI_NII_NII-2584_IMG_2664.JPG,"8,9",31,"17,18",31,"93,94",31,"40,41",32,,,0.25,Canon SL2,18mm,N,N
2019,MHI,NII,SE1902,NII-2594,7/25/2019,21.96579,-160.122,3x20m,1923,NCRMP_SFM_StRS_2019_SE1902_MHI_NII_NII-2594_IMG_0001.JPG,NCRMP_SFM_StRS_2019_SE1902_MHI_NII_NII-2594_IMG_1923.JPG,"27,28",43,"57,58",43,"3,4",44,"63,64",44,,,0.25,Canon SL2,18mm,N,N
2019,MHI,OAH,SE1902,OAH-2921,8/5/2019,21.260833,-157.697477,3x20m,1119,NCRMP_SFM_StRS_2019_SE1902_MHI_OAH_OAH-2921_IMG_0001.JPG,NCRMP_SFM_StRS_2019_SE1902_MHI_OAH_OAH-2921_IMG_1119.JPG,"21,22",62,"10,11",58,,,,,,,0.25,Canon SL2,18mm,N,N
2019,MHI,OAH,SE1902,OAH-2955,8/2/2019,21.465791,-158.220685,3x20m,1004,NCRMP_SFM_StRS_2019_SE1902_MHI_OAH_OAH-2955_IMG_0001.JPG,NCRMP_SFM_StRS_2019_SE1902_MHI_OAH_OAH-2955_IMG_1004.JPG,"21,22",25,"10,11",24,,,,,,,0.25,Canon SL2,18mm,N,N
2019,MHI,OAH,SE1902,OAH-2965,8/5/2019,21.267782,-157.765801,3x20m,1473,NCRMP_SFM_StRS_2019_SE1902_MHI_OAH_OAH-2965_IMG_0001.JPG,NCRMP_SFM_StRS_2019_SE1902_MHI_OAH_OAH-2965_IMG_1473.JPG,"21,22",18,"10,11",18,,,,,,,0.25,Canon SL2,18mm,N,N
2019,MHI,OAH,SE1902,OAH-3000,7/30/2019,21.380155,-158.152649,3x20m,1454,NCRMP_SFM_StRS_2019_SE1902_MHI_OAH_OAH-3000_IMG_0001.JPG,NCRMP_SFM_StRS_2019_SE1902_MHI_OAH_OAH-3000_IMG_1454.JPG,"17,18",31,"40,41",30,"93,94",31,"8,9",30,,,0.25,Canon SL2,18mm,N,N
2019,MHI,OAH,SE1902,OAH-3004,8/3/2019,21.610894,-158.112073,3x20m,820,NCRMP_SFM_StRS_2019_SE1902_MHI_OAH_OAH-3004_IMG_0001.JPG,NCRMP_SFM_StRS_2019_SE1902_MHI_OAH_OAH-3004_IMG_0820.JPG,"10,11",70,,,,,,,"21,22",68,0.25,Canon SL2,18mm,N,N
2019,MHI,OAH,SE1902,OAH-3006,8/3/2019,21.704092,-158.024082,3x20m,1319,NCRMP_SFM_StRS_2019_SE1902_MHI_OAH_OAH-3006_IMG_0001.JPG,NCRMP_SFM_StRS_2019_SE1902_MHI_OAH_OAH-3006_IMG_1319.JPG,"10,11",75,,,,,,,"21,22",70,0.25,Canon SL2,18mm,N,N
2019,MHI,OAH,SE1902,OAH-3051,7/31/2019,21.58246,-158.218192,3x20m,1289,NCRMP_SFM_StRS_2019_SE1902_MHI_OAH_OAH-3051_IMG_0001.JPG,NCRMP_SFM_StRS_2019_SE1902_MHI_OAH_OAH-3051_IMG_1289.JPG,"40,41",18,"93,94",17,"8,9",16,"17,18",15,,,0.25,Canon SL2,18mm,Y,N
2019,MHI,OAH,SE1902,OAH-3052,8/2/2019,21.570787,-158.277027,3x20m,3267,NCRMP_SFM_StRS_2019_SE1902_MHI_OAH_OAH-3052_IMG_0001.JPG,NCRMP_SFM_StRS_2019_SE1902_MHI_OAH_OAH-3052_IMG_3267.JPG,"17,18",30,"40,41",30,"8,9",28,"93,94",31,,,0.25,Canon SL2,18mm,Y,N
2019,MHI,OAH,SE1902,OAH-3057,7/31/2019,21.591253,-158.184679,3x20m,1226,NCRMP_SFM_StRS_2019_SE1902_MHI_OAH_OAH-3057_IMG_0001.JPG,NCRMP_SFM_StRS_2019_SE1902_MHI_OAH_OAH-3057_IMG_1226.JPG,"8,9",46,"17,18",45,"93,94",45,"40,41",45,,,0.25,Canon SL2,18mm,Y,N
2019,MHI,OAH,SE1902,OAH-3065,8/2/2019,21.561565,-158.260918,3x20m,3231,NCRMP_SFM_StRS_2019_SE1902_MHI_OAH_OAH-3065_IMG_0001.JPG,NCRMP_SFM_StRS_2019_SE1902_MHI_OAH_OAH-3065_IMG_3231.JPG,"93,94",20,"17,18",16,"40,41",13,"8,9",15,,,0.25,Canon SL2,18mm,Y,N
2019,MHI,OAH,SE1902,OAH-3078,8/4/2019,21.50332,-157.79625,3x13m,730,NCRMP_SFM_StRS_2019_SE1902_MHI_OAH_OAH-3078_IMG_0001.JPG,NCRMP_SFM_StRS_2019_SE1902_MHI_OAH_OAH-3078_IMG_0730.JPG,"93,94",74,"17,18",72,"8,9",75,,,,,0.25,Canon SL2,18mm,N,N
2019,MHI,OAH,SE1902,OAH-3084,8/4/2019,21.538795,-157.82318,3x20m,1200,NCRMP_SFM_StRS_2019_SE1902_MHI_OAH_OAH-3084_IMG_0001.JPG,NCRMP_SFM_StRS_2019_SE1902_MHI_OAH_OAH-3084_IMG_1200.JPG,"93,94",34,"40,41",35,"8,9",31,"17,18",31,,,0.25,Canon SL2,18mm,N,N
2019,MHI,OAH,SE1902,OAH-3087,8/4/2019,21.585349,-157.86578,3x20m,1129,NCRMP_SFM_StRS_2019_SE1902_MHI_OAH_OAH-3087_IMG_0001.JPG,NCRMP_SFM_StRS_2019_SE1902_MHI_OAH_OAH-3087_IMG_1129.JPG,"40,41",35,"17,18",36,"8,9",35,"93,94",36,,,0.25,Canon SL2,18mm,Y,N
2019,MHI,OAH,SE1902,OAH-3110,8/3/2019,21.67636,-158.059481,3x20m,817,NCRMP_SFM_StRS_2019_SE1902_MHI_OAH_OAH-3110_IMG_0001.JPG,NCRMP_SFM_StRS_2019_SE1902_MHI_OAH_OAH-3110_IMG_0817.JPG,"27,28",74,"63,64",73,"57,58",70,,,,,0.25,Canon SL2,18mm,N,N
2019,MHI,OAH,SE1902,OAH-3112,8/3/2019,21.695809,-158.038111,3x20m,676,NCRMP_SFM_StRS_2019_SE1902_MHI_OAH_OAH-3112_IMG_0001.JPG,NCRMP_SFM_StRS_2019_SE1902_MHI_OAH_OAH-3112_IMG_0676.JPG,"17,18",76,"40,41",77,"8,9",77,,,,,0.25,Canon SL2,18mm,N,N
2019,MHI,OAH,SE1902,OAH-3122,7/31/2019,21.592143,-158.146568,3x13m,903,NCRMP_SFM_StRS_2019_SE1902_MHI_OAH_OAH-3122_IMG_0001.JPG,NCRMP_SFM_StRS_2019_SE1902_MHI_OAH_OAH-3122_IMG_0903.JPG,"93,94",64,"8,9",64,"40,41",62,,,,,0.25,Canon SL2,18mm,N,N
2019,MHI,OAH,SE1902,OAH-3232,8/3/2019,21.63208,-158.079,3x20m,1031,NCRMP_SFM_StRS_2019_SE1902_MHI_OAH_OAH-3232_IMG_0001.JPG,NCRMP_SFM_StRS_2019_SE1902_MHI_OAH_OAH-3232_IMG_1031.JPG,"27,28",26,"63,64",27,"57,58",26,"3,4",26,,,0.25,Canon SL2,18mm,N,N
2019,MHI,OAH,SE1902,OAH-3233,8/3/2019,21.656095,-158.063551,3x20m,1453,NCRMP_SFM_StRS_2019_SE1902_MHI_OAH_OAH-3233_IMG_0001.JPG,NCRMP_SFM_StRS_2019_SE1902_MHI_OAH_OAH-3233_IMG_1453.JPG,"27,28",24,"3,4",25,"57,58",25,"63,64",25,,,0.25,Canon SL2,18mm,N,N
2019,MHI,OAH,SE1902,OAH-3234,8/3/2019,21.68358,-158.043,3x20m,1986,NCRMP_SFM_StRS_2019_SE1902_MHI_OAH_OAH-3234_IMG_0001.JPG,NCRMP_SFM_StRS_2019_SE1902_MHI_OAH_OAH-3234_IMG_1986.JPG,"93,94",28,"8,9",28,"17,18",27,"40,41",26,,,0.25,Canon SL2,18mm,N,N
2019,MHI,OAH,SE1902,OAH-3235,7/31/2019,21.60808,-158.108,3x20m,1286,NCRMP_SFM_StRS_2019_SE1902_MHI_OAH_OAH-3235_IMG_0001.JPG,NCRMP_SFM_StRS_2019_SE1902_MHI_OAH_OAH-3235_IMG_1287.JPG,"93,94",26,"17,18",27,"40,41",27,"8,9",27,,,0.25,Canon SL2,18mm,N,N
2019,MHI,OAH,SE1902,OAH-3242,8/3/2019,21.617556,-158.091785,3x20m,1040,NCRMP_SFM_StRS_2019_SE1902_MHI_OAH_OAH-3242_IMG_0001.JPG,NCRMP_SFM_StRS_2019_SE1902_MHI_OAH_OAH-3242_IMG_1040.JPG,"27,28",12,"57,58",13,"3,4",12,"63,64",13,,,0.25,Canon SL2,18mm,N,N
2019,MHI,OAH,SE1902,OAH-3243,8/3/2019,21.62903,-158.077318,3x20m,1277,NCRMP_SFM_StRS_2019_SE1902_MHI_OAH_OAH-3243_IMG_0001.JPG,NCRMP_SFM_StRS_2019_SE1902_MHI_OAH_OAH-3243_IMG_1277.JPG,"93,94",16,"17,18",15,"40,41",14,"8,9",14,,,0.25,Canon SL2,18mm,N,N
2019,MHI,OAH,SE1902,OAH-3259,8/5/2019,21.252589,-157.750743,3x13m,1059,NCRMP_SFM_StRS_2019_SE1902_MHI_OAH_OAH-3259_IMG_0001.JPG,NCRMP_SFM_StRS_2019_SE1902_MHI_OAH_OAH-3259_IMG_1059.JPG,"40,41",76,"93,94",76,"8,9",75,,,,,0.25,Canon SL2,18mm,N,N
2019,MHI,OAH,SE1902,OAH-3262,7/30/2019,21.287911,-158.114198,3x13m,1028,NCRMP_SFM_StRS_2019_SE1902_MHI_OAH_OAH-3262_IMG_0001.JPG,NCRMP_SFM_StRS_2019_SE1902_MHI_OAH_OAH-3262_IMG_1028.JPG,"57,58",67,"63,64",68,"27,28",69,,,,,0.25,Canon SL2,18mm,N,N
2019,MHI,OAH,SE1902,OAH-3265,8/5/2019,21.256857,-157.762622,3x20m,1254,NCRMP_SFM_StRS_2019_SE1902_MHI_OAH_OAH-3265_IMG_0001.JPG,NCRMP_SFM_StRS_2019_SE1902_MHI_OAH_OAH-3265_IMG_1254.JPG,"27,28",57,"57,58",56,"3,4",55,"63,64",56,,,0.25,Canon SL2,18mm,N,N
2019,MHI,OAH,SE1902,OAH-3267,7/30/2019,21.36308,-158.13631,3x20m,1296,NCRMP_SFM_StRS_2019_SE1902_MHI_OAH_OAH-3267_IMG_0001.JPG,NCRMP_SFM_StRS_2019_SE1902_MHI_OAH_OAH-3267_IMG_1296.JPG,"57,58",29,"63,64",30,"3,4",30,"27,28",31,,,0.25,Canon SL2,18mm,Y,N
2019,MHI,OAH,SE1902,OAH-3272,7/30/2019,21.32858,-158.1273,3x20m,1526,NCRMP_SFM_StRS_2019_SE1902_MHI_OAH_OAH-3272_IMG_0001.JPG,NCRMP_SFM_StRS_2019_SE1902_MHI_OAH_OAH-3272_IMG_1526.JPG,"3,4",24,"57,58",25,"63,64",24,"27,28",23,,,0.25,Canon SL2,18mm,N,N
2019,MHI,OAH,SE1902,OAH-3279,8/2/2019,21.523808,-158.23403,3x20m,1755,NCRMP_SFM_StRS_2019_SE1902_MHI_OAH_OAH-3279_IMG_0001.JPG,NCRMP_SFM_StRS_2019_SE1902_MHI_OAH_OAH-3279_IMG_1755.JPG,"63,64",46,"3,4",47,"57,58",46,"27,28",47,,,0.25,Canon SL2,18mm,Y,N
2019,MHI,OAH,SE1902,OAH-3282,7/30/2019,21.3991,-158.180481,3x20m,1684,NCRMP_SFM_StRS_2019_SE1902_MHI_OAH_OAH-3282_IMG_0001.JPG,NCRMP_SFM_StRS_2019_SE1902_MHI_OAH_OAH-3282_IMG_1684.JPG,"17,18",34,"40,41",35,"93,94",33,"8,9",33,,,0.25,Canon SL2,18mm,N,N
2019,MHI,OAH,SE1902,OAH-3284,8/5/2019,21.267457,-157.829619,3x20m,1137,NCRMP_SFM_StRS_2019_SE1902_MHI_OAH_OAH-3284_IMG_0001.JPG,NCRMP_SFM_StRS_2019_SE1902_MHI_OAH_OAH-3284_IMG_1137.JPG,"3,4",21,"27,28",20,"57,58",20,"63,64",20,,,0.25,Canon SL2,18mm,Y,N
2019,MHI,OAH,SE1902,OAH-3286,7/30/2019,21.350555,-158.130857,3x20m,1477,NCRMP_SFM_StRS_2019_SE1902_MHI_OAH_OAH-3286_IMG_0001.JPG,NCRMP_SFM_StRS_2019_SE1902_MHI_OAH_OAH-3286_IMG_1477.JPG,"57,58",10,"3,4",10,"27,28",11,"63,64",11,,,0.25,Canon SL2,18mm,Y,N
2019,MHI,OAH,SE1902,OAH-3288,8/5/2019,21.249555,-157.808296,3x20m,1135,NCRMP_SFM_StRS_2019_SE1902_MHI_OAH_OAH-3288_IMG_0001.JPG,NCRMP_SFM_StRS_2019_SE1902_MHI_OAH_OAH-3288_IMG_1135.JPG,"27,28",20,"57,58",19,"3,4",19,"63,64",19,,,0.25,Canon SL2,18mm,N,N
2019,MHI,OAH,SE1902,OAH-3292,8/5/2019,21.27008,-157.8273,3x20m,1766,NCRMP_SFM_StRS_2019_SE1902_MHI_OAH_OAH-3292_IMG_0001.JPG,NCRMP_SFM_StRS_2019_SE1902_MHI_OAH_OAH-3292_IMG_1766.JPG,"93,94",13,"40,41",13,"17,18",13,"8,9",13,,,0.25,Canon SL2,18mm,N,N
2019,MHI,OAH,SE1902,OAH-3296,7/30/2019,21.427689,-158.183038,3x20m,1625,NCRMP_SFM_StRS_2019_SE1902_MHI_OAH_OAH-3296_IMG_0001.JPG,NCRMP_SFM_StRS_2019_SE1902_MHI_OAH_OAH-3296_IMG_1625.JPG,"17,18",20,"40,41",19,"8,9",19,"93,94",20,,,0.25,Canon SL2,18mm,N,N
2019,MHI,OAH,SE1902,OAH-3301,8/5/2019,21.269619,-157.757898,3x20m,1762,NCRMP_SFM_StRS_2019_SE1902_MHI_OAH_OAH-3301_IMG_0001.JPG,NCRMP_SFM_StRS_2019_SE1902_MHI_OAH_OAH-3301_IMG_1762.JPG,"93,94",16,"40,41",15,"17,18",15,"8,9",13,,,0.25,Canon SL2,18mm,N,N
2019,MHI,OAH,SE1902,OAH-3407,8/3/2019,21.637676,-158.076754,3x20m,1257,NCRMP_SFM_StRS_2019_SE1902_MHI_OAH_OAH-3407_IMG_0001.JPG,NCRMP_SFM_StRS_2019_SE1902_MHI_OAH_OAH-3407_IMG_1257.JPG,"10,11",52,,,,,,,"21,22",60,0.25,Canon SL2,18mm,Y,N
2019,MHI,OAH,SE1902,OAH-3413,8/3/2019,21.665657,-158.053948,3x20m,879,NCRMP_SFM_StRS_2019_SE1902_MHI_OAH_OAH-3413_IMG_0001.JPG,NCRMP_SFM_StRS_2019_SE1902_MHI_OAH_OAH-3413_IMG_0879.JPG,"10,11",24,,,,,,,"21,22",25,0.25,Canon SL2,18mm,N,N
2019,MHI,OAH,SE1902,OAH-3432,8/3/2019,21.604342,-158.108277,3x20m,1272,NCRMP_SFM_StRS_2019_SE1902_MHI_OAH_OAH-3432_IMG_0001.JPG,NCRMP_SFM_StRS_2019_SE1902_MHI_OAH_OAH-3432_IMG_1272.JPG,"10,11",,,,,,,,"21,22",,0.25,Canon SL2,18mm,Y,N
2019,MHI,OAH,SE1902,OAH-3437,7/30/2019,21.3901,-158.16891,3x20m,904,NCRMP_SFM_StRS_2019_SE1902_MHI_OAH_OAH-3437_IMG_0001.JPG,NCRMP_SFM_StRS_2019_SE1902_MHI_OAH_OAH-3437_IMG_0904.JPG,"21,22",61,"10,11",62,,,,,,,0.25,Canon SL2,18mm,N,N
2019,MHI,OAH,SE1902,OAH-3444,8/5/2019,21.254815,-157.745744,3x20m,1280,NCRMP_SFM_StRS_2019_SE1902_MHI_OAH_OAH-3444_IMG_0001.JPG,NCRMP_SFM_StRS_2019_SE1902_MHI_OAH_OAH-3444_IMG_1280.JPG,"21,22",70,"10,11",70,,,,,,,0.25,Canon SL2,18mm,N,N
2019,MHI,OAH,SE1902,OAH-3447,7/30/2019,21.34612,-158.14096,3x20m,1279,NCRMP_SFM_StRS_2019_SE1902_MHI_OAH_OAH-3447_IMG_0001.JPG,NCRMP_SFM_StRS_2019_SE1902_MHI_OAH_OAH-3447_IMG_1279.JPG,"21,22",84,"10,11",84,,,,,,,0.25,Canon SL2,18mm,N,N
2019,MHI,OAH,SE1902,OAH-3464,7/30/2019,21.42361,-158.18819,3x20m,956,NCRMP_SFM_StRS_2019_SE1902_MHI_OAH_OAH-3464_IMG_0001.JPG,NCRMP_SFM_StRS_2019_SE1902_MHI_OAH_OAH-3464_IMG_0956.JPG,"21,22",23,"10,11",23,,,,,,,0.25,Canon SL2,18mm,N,N
2019,MHI,OAH,SE1902,OAH-3473,7/30/2019,21.39577,-158.1886,3x20m,1226,NCRMP_SFM_StRS_2019_SE1902_MHI_OAH_OAH-3473_IMG_0001.JPG,NCRMP_SFM_StRS_2019_SE1902_MHI_OAH_OAH-3473_IMG_1226.JPG,"21,22",50,"10,11",55,,,,,,,0.25,Canon SL2,18mm,N,N
2019,MHI,OAH,SE1902,OAH-3490,8/5/2019,21.274039,-157.7347,3x20m,1268,NCRMP_SFM_StRS_2019_SE1902_MHI_OAH_OAH-3490_IMG_0001.JPG,NCRMP_SFM_StRS_2019_SE1902_MHI_OAH_OAH-3490_IMG_1268.JPG,"21,22",16,"10,11",15,,,,,,,0.25,Canon SL2,18mm,N,N
2019,MHI,OAH,SE1902,OAH-3499,8/2/2019,21.537065,-158.232438,3x20m,887,NCRMP_SFM_StRS_2019_SE1902_MHI_OAH_OAH-3499_IMG_0001.JPG,NCRMP_SFM_StRS_2019_SE1902_MHI_OAH_OAH-3499_IMG_0887.JPG,"21,22",8,"10,11",8,,,,,,,0.25,Canon SL2,18mm,N,N
2019,MHI,OAH,SE1902,OAH-3503,7/30/2019,21.28753,-158.10594,3x15m,867,NCRMP_SFM_StRS_2019_SE1902_MHI_OAH_OAH-3503_IMG_0001.JPG,NCRMP_SFM_StRS_2019_SE1902_MHI_OAH_OAH-3503_IMG_0867.JPG,"21,22",18,"10,11",18,,,,,,,0.25,Canon SL2,18mm,N,N
2019,MHI,OAH,SE1902,OAH-3526,8/2/2019,21.564631,-158.273955,3x15m,363,NCRMP_SFM_StRS_2019_SE1902_MHI_OAH_OAH-3526_IMG_0001.JPG,NCRMP_SFM_StRS_2019_SE1902_MHI_OAH_OAH-3526_IMG_0363.JPG,"21,22",82,"10,11",84,,,,,,,0.25,Canon SL2,18mm,N,N
2019,MHI,OAH,SE1902,OAH-3550,8/2/2019,21.561565,-158.260918,3x20m,1314,NCRMP_SFM_StRS_2019_SE1902_MHI_OAH_OAH-3550_IMG_0001.JPG,NCRMP_SFM_StRS_2019_SE1902_MHI_OAH_OAH-3550_IMG_1314.JPG,"21,22",18,"10,11",16,,,,,,,0.25,Canon SL2,18mm,N,N
2019,MHI,OAH,SE1902,OAH-4000,8/2/2019,21.559305,-158.264141,3x13m,1360,NCRMP_SFM_StRS_2019_SE1902_MHI_OAH_OAH-4000_IMG_0001.JPG,NCRMP_SFM_StRS_2019_SE1902_MHI_OAH_OAH-4000_IMG_1360.JPG,"63,64",62,"57,58",62,"27,28",65,,,,,0.25,Canon SL2,18mm,N,N
2019,MHI,OAH,SE1902,OAH-4001,8/2/2019,21.570429,-158.272413,3x20m,2003,NCRMP_SFM_StRS_2019_SE1902_MHI_OAH_OAH-4001_IMG_0001.JPG,NCRMP_SFM_StRS_2019_SE1902_MHI_OAH_OAH-4001_IMG_2003.JPG,"3,4",8,"57,58",9,"27,28",9,"63,64",9,,,0.25,Canon SL2,18mm,Y,N
2019,MHI,OAH,SE1902,OAH-4002,8/2/2019,21.502444,-158.232263,3x20m,2948,NCRMP_SFM_StRS_2019_SE1902_MHI_OAH_OAH-4002_IMG_0001.JPG,NCRMP_SFM_StRS_2019_SE1902_MHI_OAH_OAH-4002_IMG_2948.JPG,"93,94",18,"17,18",19,"40,41",20,"8,9",20,,,0.25,Canon SL2,18mm,Y,N
2024,MHI,OAH,MP2404,OAH-4257,6/5/2024,21.398057,-157.686679,3x15m,1281,NCRMP_SFM_StRS_2024_MP2404_MHI_OAH_OAH-4257_IMG_0001.JPG,NCRMP_SFM_StRS_2024_MP2404_MHI_OAH_OAH-4257_IMG_1272.JPG,"19,20",94,"33,34",94,"85,86",95,,,,,SL2,18mm,N,N
2024,MHI,OAH,MP2404,OAH-4258,6/6/2024,21.392066,-157.684054,3x15m,992,NCRMP_SFM_StRS_2024_MP2404_MHI_OAH_OAH-4258_IMG_0001.JPG,NCRMP_SFM_StRS_2024_MP2404_MHI_OAH_OAH-4258_IMG_0973.JPG,"19,20",94,"33,34",94,"85,86",95,,,,,SL3,18mm,N,Y
2024,MHI,OAH,MP2404,OAH-4263,5/13/2024,21.273413,-157.685542,3x15m,1706,NCRMP_SFM_StRS_2024_MP2404_MHI_OAH_OAH-4263_IMG_0001.JPG,NCRMP_SFM_StRS_2024_MP2404_MHI_OAH_OAH-4263_IMG_1703.JPG,"19,20",74,"33,34",76,"85,86",76,,,,,SL2,18mm,N,N
2024,MHI,OAH,MP2404,OAH-4263,5/13/2024,21.273413,-157.685542,3x15m,1706,NCRMP_SFM_StRS_2024_MP2404_MHI_OAH_OAH-4263_IMG_1704.JPG,NCRMP_SFM_StRS_2024_MP2404_MHI_OAH_OAH-4263_IMG_1705.JPG,"19,20",74,"33,34",76,"85,86",76,,,,,SL2,18mm,N,N
2024,MHI,OAH,MP2404,OAH-4269,6/6/2024,21.371113,-157.678588,3x15m,1622,NCRMP_SFM_StRS_2024_MP2404_MHI_OAH_OAH-4269_IMG_0001.JPG,NCRMP_SFM_StRS_2024_MP2404_MHI_OAH_OAH-4269_IMG_1598.JPG,"19,20",68,"33,34",68,"85,86",69,,,,,SL3,18mm,N,N
2024,MHI,OAH,MP2404,OAH-4265,6/5/2024,21.362627,-157.671646,3x15m,1413,NCRMP_SFM_StRS_2024_MP2404_MHI_OAH_OAH-4265_IMG_0001.JPG,NCRMP_SFM_StRS_2024_MP2404_MHI_OAH_OAH-4265_IMG_1399.JPG,"19,20",68,"33,34",68,"85,86",68,,,,,SL3,18mm,N,N
2024,MHI,OAH,MP2404,OAH-4260,5/13/2024,21.267993,-157.67118,3x15m,1630,NCRMP_SFM_StRS_2024_MP2404_MHI_OAH_OAH-4260_IMG_0001.JPG,NCRMP_SFM_StRS_2024_MP2404_MHI_OAH_OAH-4260_IMG_1631.JPG,"19,20",75,"33,34",75,"85,86",75,,,,,SL2,18mm,N,N
2024,MHI,OAH,MP2404,OAH-4264,5/16/2024,21.291771,-157.669527,3x15m,1447,NCRMP_SFM_StRS_2024_MP2404_MHI_OAH_OAH-4264_IMG_0001.JPG,NCRMP_SFM_StRS_2024_MP2404_MHI_OAH_OAH-4264_IMG_1447.JPG,"19,20",70,"33,34",70,"85,86",71,,,,,SL2,18mm,N,N
2024,MHI,OAH,MP2404,OAH-4268,5/16/2024,21.303964,-157.665518,3x15m,1817,NCRMP_SFM_StRS_2024_MP2404_MHI_OAH_OAH-4268_IMG_0001.JPG,NCRMP_SFM_StRS_2024_MP2404_MHI_OAH_OAH-4268_IMG_1817.JPG,"19,20",42,"33,34",42,"85,86",42,,,,,SL2,18mm,N,N
2024,MHI,OAH,MP2404,OAH-4259,6/5/2024,21.353392,-157.665392,3x15m,1648,NCRMP_SFM_StRS_2024_MP2404_MHI_OAH_OAH-4259_IMG_0001.JPG,NCRMP_SFM_StRS_2024_MP2404_MHI_OAH_OAH-4259_IMG_1645.JPG,"19,20",52,"33,34",52,"85,86",52,,,,,SL2,18mm,N,N
2024,MHI,OAH,MP2404,OAH-4261,6/5/2024,21.346853,-157.664273,3x15m,1223,NCRMP_SFM_StRS_2024_MP2404_MHI_OAH_OAH-4261_IMG_0001.JPG,NCRMP_SFM_StRS_2024_MP2404_MHI_OAH_OAH-4261_IMG_1223.JPG,"19,20",50,"33,34",51,"85,86",50,,,,,SL2,18mm,N,N
2024,MHI,OAH,MP2404,OAH-4266,6/5/2024,21.359196,-157.664177,3x15m,1250,NCRMP_SFM_StRS_2024_MP2404_MHI_OAH_OAH-4266_IMG_0001.JPG,NCRMP_SFM_StRS_2024_MP2404_MHI_OAH_OAH-4266_IMG_1238.JPG,"19,20",62,"33,34",62,"85,86",62,,,,,SL3,18mm,N,N
2024,MHI,OAH,MP2404,OAH-4267,6/5/2024,21.341103,-157.659976,3x15m,1402,NCRMP_SFM_StRS_2024_MP2404_MHI_OAH_OAH-4267_IMG_0001.JPG,NCRMP_SFM_StRS_2024_MP2404_MHI_OAH_OAH-4267_IMG_1381.JPG,"19,20",52,"33,34",52,"85,86",52,,,,,SL3,18mm,N,N
2024,MHI,OAH,MP2404,OAH-4262,6/5/2024,21.332303,-157.659134,3x15m,1723,NCRMP_SFM_StRS_2024_MP2404_MHI_OAH_OAH-4262_IMG_0001.JPG,NCRMP_SFM_StRS_2024_MP2404_MHI_OAH_OAH-4262_IMG_1719.JPG,"19,20",42,"33,34",42,"85,86",42,,,,,SL3,18mm,N,N
2024,MHI,OAH,MP2404,OAH-4277,5/21/2024,21.605662,-157.973417,3x20m,2042,NCRMP_SFM_StRS_2024_MP2404_MHI_OAH_OAH-4277_IMG_0001.JPG,NCRMP_SFM_StRS_2024_MP2404_MHI_OAH_OAH-4277_IMG_2042.JPG,"19,20",37,"33,34",37,"85,86",37,"93,94",37,,,SL3,18mm,N,N
2024,MHI,OAH,MP2404,OAH-4275,5/20/2024,21.660167,-157.962804,3x20m,1917,NCRMP_SFM_StRS_2024_MP2404_MHI_OAH_OAH-4275_IMG_0001.JPG,NCRMP_SFM_StRS_2024_MP2404_MHI_OAH_OAH-4275_IMG_1917.JPG,"19,20",44,"33,34",44,"85,86",43,"93,94",43,,,SL3,18mm,N,N
2024,MHI,OAH,MP2404,OAH-4276,5/21/2024,21.63853,-157.954625,3x20m,1771,NCRMP_SFM_StRS_2024_MP2404_MHI_OAH_OAH-4276_IMG_0001.JPG,NCRMP_SFM_StRS_2024_MP2404_MHI_OAH_OAH-4276_IMG_1771.JPG,"19,20",47,"33,34",48,"85,86",47,"93,94",47,,,SL3,18mm,N,N
2024,MHI,OAH,MP2404,OAH-4278,5/21/2024,21.631983,-157.953683,3x20m,2068,NCRMP_SFM_StRS_2024_MP2404_MHI_OAH_OAH-4278_IMG_0001.JPG,NCRMP_SFM_StRS_2024_MP2404_MHI_OAH_OAH-4278_IMG_2068.JPG,"19,20",62,"33,34",62,"85,86",62,"93,94",62,,,SL3,18mm,N,N
2024,MHI,OAH,MP2404,OAH-4274,5/20/2024,21.658604,-157.953531,3x20m,2315,NCRMP_SFM_StRS_2024_MP2404_MHI_OAH_OAH-4274_IMG_0001.JPG,NCRMP_SFM_StRS_2024_MP2404_MHI_OAH_OAH-4274_IMG_2315.JPG,"19,20",42,"33,34",42,"85,86",42,"93,94",42,,,SL3,18mm,N,N
2024,MHI,OAH,MP2404,OAH-4279,5/21/2024,21.651786,-157.950153,3x20m,1959,NCRMP_SFM_StRS_2024_MP2404_MHI_OAH_OAH-4279_IMG_0001.JPG,NCRMP_SFM_StRS_2024_MP2404_MHI_OAH_OAH-4279_IMG_1959.JPG,"19,20",40,"33,34",40,"85,86",39,"93,94",40,,,SL3,18mm,N,N
2024,MHI,OAH,MP2404,OAH-4299,5/20/2024,21.642958,-157.942971,3x20m,2166,NCRMP_SFM_StRS_2024_MP2404_MHI_OAH_OAH-4299_IMG_0001.JPG,NCRMP_SFM_StRS_2024_MP2404_MHI_OAH_OAH-4299_IMG_2166.JPG,"19,20",52,"33,34",53,"85,86",52,"93,94",53,,,SL3,18mm,N,N
2024,MHI,OAH,MP2404,OAH-4271,5/21/2024,21.63664,-157.940561,3x20m,1998,NCRMP_SFM_StRS_2024_MP2404_MHI_OAH_OAH-4271_IMG_0001.JPG,NCRMP_SFM_StRS_2024_MP2404_MHI_OAH_OAH-4271_IMG_1998.JPG,"19,20",52,"33,34",52,"85,86",52,"93,94",53,,,SL3,18mm,N,N
2024,MHI,OAH,MP2404,OAH-4273,5/21/2024,21.647978,-157.939228,3x20m,2097,NCRMP_SFM_StRS_2024_MP2404_MHI_OAH_OAH-4273_IMG_0001.JPG,NCRMP_SFM_StRS_2024_MP2404_MHI_OAH_OAH-4273_IMG_2097.JPG,"19,20",50,"33,34",50,"85,86",50,"93,94",51,,,SL3,18mm,N,N
2024,MHI,OAH,MP2404,OAH-4272,5/20/2024,21.657574,-157.937746,3x20m,1956,NCRMP_SFM_StRS_2024_MP2404_MHI_OAH_OAH-4272_IMG_0001.JPG,NCRMP_SFM_StRS_2024_MP2404_MHI_OAH_OAH-4272_IMG_1956.JPG,"19,20",37,"33,34",37,"85,86",37,"93,94",37,,,SL3,18mm,N,N
2024,MHI,OAH,MP2404,OAH-4270,5/20/2024,21.651874,-157.935544,3x20m,2121,NCRMP_SFM_StRS_2024_MP2404_MHI_OAH_OAH-4270_IMG_0001.JPG,NCRMP_SFM_StRS_2024_MP2404_MHI_OAH_OAH-4270_IMG_2121.JPG,"19,20",39,"33,34",39,"85,86",39,"93,94",39,,,SL3,18mm,N,N
2024,MHI,OAH,MP2404,OAH-4340,5/15/2024,21.579124,-158.257579,3x15m,1663,NCRMP_SFM_StRS_2024_MP2404_MHI_OAH_OAH-4340_IMG_0001.JPG,NCRMP_SFM_StRS_2024_MP2404_MHI_OAH_OAH-4340_IMG_1663.JPG,"19,20",38,"33,34",38,"85,86",38,,,,,SL2,18mm,N,N
2024,MHI,OAH,MP2404,OAH-4345,5/15/2024,21.564553,-158.250552,3x15m,1455,NCRMP_SFM_StRS_2024_MP2404_MHI_OAH_OAH-4345_IMG_0001.JPG,NCRMP_SFM_StRS_2024_MP2404_MHI_OAH_OAH-4345_IMG_1455.JPG,"19,20",30,"33,34",30,"85,86",30,,,,,SL2,18mm,N,N
2024,MHI,OAH,MP2404,OAH-4342,5/15/2024,21.569424,-158.248325,3x15m,1515,NCRMP_SFM_StRS_2024_MP2404_MHI_OAH_OAH-4342_IMG_0001.JPG,NCRMP_SFM_StRS_2024_MP2404_MHI_OAH_OAH-4342_IMG_1515.JPG,"19,20",32,"33,34",33,"85,86",33,,,,,SL2,18mm,N,N
2024,MHI,OAH,MP2404,OAH-4344,5/15/2024,21.569116,-158.243543,3x15m,1503,NCRMP_SFM_StRS_2024_MP2404_MHI_OAH_OAH-4344_IMG_0001.JPG,NCRMP_SFM_StRS_2024_MP2404_MHI_OAH_OAH-4344_IMG_1503.JPG,"19,20",37,"33,34",37,"85,86",37,,,,,SL2,18mm,N,N
2024,MHI,OAH,MP2404,OAH-4343,5/15/2024,21.574163,-158.242316,3x15m,1467,NCRMP_SFM_StRS_2024_MP2404_MHI_OAH_OAH-4343_IMG_0001.JPG,NCRMP_SFM_StRS_2024_MP2404_MHI_OAH_OAH-4343_IMG_1467.JPG,"19,20",25,"33,34",26,"85,86",25,,,,,SL2,18mm,N,N
2024,MHI,OAH,MP2404,OAH-4341,5/15/2024,21.583091,-158.241584,3x15m,1678,NCRMP_SFM_StRS_2024_MP2404_MHI_OAH_OAH-4341_IMG_0001.JPG,NCRMP_SFM_StRS_2024_MP2404_MHI_OAH_OAH-4341_IMG_1678.JPG,"19,20",42,"33,34",42,"85,86",42,,,,,SL2,18mm,N,N
2024,MHI,OAH,MP2404,OAH-4416,6/14/2024,21.285517,-157.857613,3x20m,2315,NCRMP_SFM_StRS_2024_MP2404_MHI_OAH_OAH-4416_IMG_0001.JPG,NCRMP_SFM_StRS_2024_MP2404_MHI_OAH_OAH-4416_IMG_2315.JPG,"19,20",38,"33,34",38,"85,86",38,"93,94",38,,,SL2,18mm,N,N
2024,MHI,OAH,MP2404,OAH-4418,5/28/2024,21.291316,-157.855928,3x20m,2330,NCRMP_SFM_StRS_2024_MP2404_MHI_OAH_OAH-4418_IMG_0001.JPG,NCRMP_SFM_StRS_2024_MP2404_MHI_OAH_OAH-4418_IMG_2330.JPG,"19,20",36,"33,34",36,"85,86",36,"93,94",36,,,SL2,18mm,N,N
2024,MHI,OAH,MP2404,OAH-4415,6/14/2024,21.284351,-157.85488,3x20m,2073,NCRMP_SFM_StRS_2024_MP2404_MHI_OAH_OAH-4415_IMG_0001.JPG,NCRMP_SFM_StRS_2024_MP2404_MHI_OAH_OAH-4415_IMG_2073.JPG,"19,20",37,"33,34",37,"85,86",37,"93,94",37,,,SL2,18mm,N,N
2024,MHI,OAH,MP2404,OAH-4417,6/14/2024,21.284242,-157.850407,3x20m,2186,NCRMP_SFM_StRS_2024_MP2404_MHI_OAH_OAH-4417_IMG_0001.JPG,NCRMP_SFM_StRS_2024_MP2404_MHI_OAH_OAH-4417_IMG_2186.JPG,"19,20",42,"33,34",42,"85,86",42,"93,94",42,,,SL2,18mm,N,N
2024,MHI,OAH,MP2404,OAH-4414,5/28/2024,21.287267,-157.850024,3x20m,2282,NCRMP_SFM_StRS_2024_MP2404_MHI_OAH_OAH-4414_IMG_0001.JPG,NCRMP_SFM_StRS_2024_MP2404_MHI_OAH_OAH-4414_IMG_2282.JPG,"19,20",39,"33,34",39,"85,86",39,"93,94",39,,,SL2,18mm,N,N
2024,MHI,OAH,MP2404,OAH-4419,5/28/2024,21.290656,-157.848831,3x20m,2270,NCRMP_SFM_StRS_2024_MP2404_MHI_OAH_OAH-4419_IMG_0001.JPG,NCRMP_SFM_StRS_2024_MP2404_MHI_OAH_OAH-4419_IMG_2270.JPG,"19,20",38,"33,34",38,"85,86",38,"93,94",38,,,SL2,18mm,N,N
2024,MHI,OAH,MP2404,OAH-4422,5/28/2024,21.294157,-157.848529,3x20m,2428,NCRMP_SFM_StRS_2024_MP2404_MHI_OAH_OAH-4422_IMG_0001.JPG,NCRMP_SFM_StRS_2024_MP2404_MHI_OAH_OAH-4422_IMG_2428.JPG,"19,20",36,"33,34",36,"85,86",36,"93,94",36,,,SL2,18mm,N,N
2024,MHI,OAH,MP2404,OAH-4421,6/14/2024,21.272183,-157.846505,3x20m,2241,NCRMP_SFM_StRS_2024_MP2404_MHI_OAH_OAH-4421_IMG_0001.JPG,NCRMP_SFM_StRS_2024_MP2404_MHI_OAH_OAH-4421_IMG_2241.JPG,"19,20",52,"33,34",52,"85,86",52,"93,94",52,,,SL2,18mm,N,N
2024,MHI,OAH,MP2404,OAH-4423,5/28/2024,21.294248,-157.845878,3x20m,2318,NCRMP_SFM_StRS_2024_MP2404_MHI_OAH_OAH-4423_IMG_0001.JPG,NCRMP_SFM_StRS_2024_MP2404_MHI_OAH_OAH-4423_IMG_2318.JPG,"19,20",37,"33,34",37,"85,86",37,"93,94",37,,,SL2,18mm,N,N
2024,MHI,OAH,MP2404,OAH-4420,6/14/2024,21.267329,-157.838947,3x20m,1919,NCRMP_SFM_StRS_2024_MP2404_MHI_OAH_OAH-4420_IMG_0001.JPG,NCRMP_SFM_StRS_2024_MP2404_MHI_OAH_OAH-4420_IMG_1919.JPG,"19,20",62,"33,34",62,"85,86",62,"93,94",63,,,SL2,18mm,N,N
2024,MHI,OAH,MP2404,OAH-4427,5/7/2024,21.264627,-157.818318,3x20m,2166,NCRMP_SFM_StRS_2024_MP2404_MHI_OAH_OAH-4427_IMG_0001.JPG,NCRMP_SFM_StRS_2024_MP2404_MHI_OAH_OAH-4427_IMG_2166.JPG,"19,20",42,"33,34",42,"85,86",42,"93,94",42,,,SL2,18mm,N,N
2024,MHI,OAH,MP2404,OAH-4428,5/8/2024,21.260477,-157.817349,3x20m,1970,NCRMP_SFM_StRS_2024_MP2404_MHI_OAH_OAH-4428_IMG_0001.JPG,NCRMP_SFM_StRS_2024_MP2404_MHI_OAH_OAH-4428_IMG_1970.JPG,"19,20",42,"33,34",42,"85,86",42,"93,94",42,,,SL2,18mm,N,N
2024,MHI,OAH,MP2404,OAH-4425,5/7/2024,21.259929,-157.814392,3x20m,1793,NCRMP_SFM_StRS_2024_MP2404_MHI_OAH_OAH-4425_IMG_0001.JPG,NCRMP_SFM_StRS_2024_MP2404_MHI_OAH_OAH-4425_IMG_1793.JPG,"19,20",37,"33,34",37,"85,86",37,"93,94",37,,,SL2,18mm,N,N
2024,MHI,OAH,MP2404,OAH-4429,5/8/2024,21.265147,-157.813689,3x20m,1894,NCRMP_SFM_StRS_2024_MP2404_MHI_OAH_OAH-4429_IMG_0001.JPG,NCRMP_SFM_StRS_2024_MP2404_MHI_OAH_OAH-4429_IMG_1894.JPG,"19,20",52,"33,34",52,"85,86",52,"93,94",52,,,SL2,18mm,N,N
2024,MHI,OAH,MP2404,OAH-4426,5/8/2024,21.260341,-157.810574,3x20m,2046,NCRMP_SFM_StRS_2024_MP2404_MHI_OAH_OAH-4426_IMG_0001.JPG,NCRMP_SFM_StRS_2024_MP2404_MHI_OAH_OAH-4426_IMG_2046.JPG,"19,20",52,"33,34",52,"85,86",52,"93,94",52,,,SL2,18mm,N,N
2024,MHI,OAH,MP2404,OAH-4424,5/7/2024,21.261899,-157.809185,3x20m,1956,NCRMP_SFM_StRS_2024_MP2404_MHI_OAH_OAH-4424_IMG_0001.JPG,NCRMP_SFM_StRS_2024_MP2404_MHI_OAH_OAH-4424_IMG_1956.JPG,"19,20",52,"33,34",52,"85,86",52,"93,94",52,,,SL2,18mm,N,N
2024,MHI,OAH,MP2404,OAH-4470,5/23/2024,21.365311,-158.152438,3x20m,2083,NCRMP_SFM_StRS_2024_MP2404_MHI_OAH_OAH-4470_IMG_0001.JPG,NCRMP_SFM_StRS_2024_MP2404_MHI_OAH_OAH-4470_IMG_2083.JPG,"19,20",24,"33,34",24,"85,86",24,"93,94",24,,,SL3,18mm,N,N
2024,MHI,OAH,MP2404,OAH-4480,5/24/2024,21.299522,-158.058348,3x20m,2275,NCRMP_SFM_StRS_2024_MP2404_MHI_OAH_OAH-4480_IMG_0001.JPG,NCRMP_SFM_StRS_2024_MP2404_MHI_OAH_OAH-4480_IMG_2275.JPG,"19,20",26,"33,34",26,"85,86",27,"93,94",26,,,SL3,18mm,N,N
2024,MHI,OAH,MP2404,OAH-4476,5/23/2024,21.385536,-158.153925,3x20m,1904,NCRMP_SFM_StRS_2024_MP2404_MHI_OAH_OAH-4476_IMG_0001.JPG,NCRMP_SFM_StRS_2024_MP2404_MHI_OAH_OAH-4476_IMG_1904.JPG,"19,20",24,"33,34",24,"85,86",24,"93,94",24,,,SL3,18mm,N,N
2024,MHI,OAH,MP2404,OAH-4472,5/23/2024,21.369795,-158.14815,3x20m,2166,NCRMP_SFM_StRS_2024_MP2404_MHI_OAH_OAH-4472_IMG_0001.JPG,NCRMP_SFM_StRS_2024_MP2404_MHI_OAH_OAH-4472_IMG_2166.JPG,"19,20",37,"33,34",37,"85,86",37,"93,94",37,,,SL3,18mm,N,N
2024,MHI,OAH,MP2404,OAH-4475,5/23/2024,21.378902,-158.147253,3x20m,1956,NCRMP_SFM_StRS_2024_MP2404_MHI_OAH_OAH-4475_IMG_0001.JPG,NCRMP_SFM_StRS_2024_MP2404_MHI_OAH_OAH-4475_IMG_1956.JPG,"19,20",30,"33,34",30,"85,86",30,"93,94",30,,,SL3,18mm,N,N
2024,MHI,OAH,MP2404,OAH-4478,5/24/2024,21.296561,-158.058356,3x20m,2156,NCRMP_SFM_StRS_2024_MP2404_MHI_OAH_OAH-4478_IMG_0001.JPG,NCRMP_SFM_StRS_2024_MP2404_MHI_OAH_OAH-4478_IMG_2156.JPG,"19,20",42,"33,34",42,"85,86",42,"93,94",42,,,SL3,18mm,N,N
2024,MHI,OAH,MP2404,OAH-4473,5/23/2024,21.374338,-158.144403,3x20m,2046,NCRMP_SFM_StRS_2024_MP2404_MHI_OAH_OAH-4473_IMG_0001.JPG,NCRMP_SFM_StRS_2024_MP2404_MHI_OAH_OAH-4473_IMG_2046.JPG,"19,20",24,"33,34",24,"85,86",24,"93,94",24,,,SL3,18mm,N,N
2024,MHI,OAH,MP2404,OAH-4471,5/23/2024,21.368311,-158.14321,3x20m,1998,NCRMP_SFM_StRS_2024_MP2404_MHI_OAH_OAH-4471_IMG_0001.JPG,NCRMP_SFM_StRS_2024_MP2404_MHI_OAH_OAH-4471_IMG_1998.JPG,"19,20",37,"33,34",37,"85,86",37,"93,94",37,,,SL3,18mm,N,N
2024,MHI,OAH,MP2404,OAH-4474,5/23/2024,21.376822,-158.141705,3x20m,2073,NCRMP_SFM_StRS_2024_MP2404_MHI_OAH_OAH-4474_IMG_0001.JPG,NCRMP_SFM_StRS_2024_MP2404_MHI_OAH_OAH-4474_IMG_2073.JPG,"19,20",37,"33,34",37,"85,86",37,"93,94",37,,,SL3,18mm,N,N
2024,MHI,OAH,MP2404,OAH-4477,5/23/2024,21.385356,-158.152692,3x20m,1754,NCRMP_SFM_StRS_2024_MP2404_MHI_OAH_OAH-4477_IMG_0001.JPG,NCRMP_SFM_StRS_2024_MP2404_MHI_OAH_OAH-4477_IMG_1755.JPG,"19,20",18,"33,34",19,"85,86",19,"93,94",19,,,SL3,18mm,N,N
2024,MHI,OAH,MP2404,OAH-4479,5/24/2024,21.292957,-158.050288,3x20m,2040,NCRMP_SFM_StRS_2024_MP2404_MHI_OAH_OAH-4479_IMG_0001.JPG,NCRMP_SFM_StRS_2024_MP2404_MHI_OAH_OAH-4479_IMG_2040.JPG,"19,20",16,"33,34",16,"85,86",16,"93,94",16,,,SL3,18mm,N,N